Test_Time(s),Voltage(V),Current(A),remaining capacity,maximum capacity
0.0,3.9767,-1.3004,0.5242960000000001,0.5242960000000001
1.0,3.9549,-1.2999,0.5239347777777779,0.5242960000000001
2.0,3.9472,-1.2998,0.5235736944444446,0.5242960000000001
3.0,3.9412,-1.3,0.523212638888889,0.5242960000000001
4.0,3.9365,-1.2999,0.5228515277777779,0.5242960000000001
5.0,3.9325,-1.2999,0.5224904444444446,0.5242960000000001
6.0,3.9286,-1.2999,0.5221293611111112,0.5242960000000001
7.0,3.9253,-1.2999,0.5217682777777779,0.5242960000000001
8.0,3.9222,-1.2999,0.5214071944444445,0.5242960000000001
9.0,3.9191,-1.2999,0.5210461111111112,0.5242960000000001
10.0,3.9165,-1.2998,0.5206850277777779,0.5242960000000001
11.0,3.9136,-1.3,0.5203239722222223,0.5242960000000001
12.0,3.9112,-1.3,0.5199628611111112,0.5242960000000001
13.0,3.9089,-1.2999,0.5196017500000001,0.5242960000000001
14.0,3.9063,-1.2999,0.5192406666666668,0.5242960000000001
15.0,3.9041,-1.2998,0.5188795833333334,0.5242960000000001
16.0,3.9018,-1.2999,0.5185185277777778,0.5242960000000001
17.0,3.8997,-1.2999,0.5181574444444446,0.5242960000000001
18.0,3.8976,-1.2999,0.5177963611111112,0.5242960000000001
19.0,3.8958,-1.2998,0.5174352777777779,0.5242960000000001
20.0,3.8937,-1.3,0.5170742222222223,0.5242960000000001
21.0,3.8918,-1.2999,0.5167131111111112,0.5242960000000001
22.0,3.8898,-1.2999,0.5163520277777779,0.5242960000000001
23.0,3.8881,-1.3,0.5159909444444445,0.5242960000000001
24.0,3.8864,-1.2999,0.5156298333333335,0.5242960000000001
25.0,3.8845,-1.2998,0.51526875,0.5242960000000001
26.0,3.8827,-1.2999,0.5149076944444445,0.5242960000000001
27.0,3.8811,-1.2998,0.5145466111111112,0.5242960000000001
28.0,3.8792,-1.2999,0.5141855555555557,0.5242960000000001
29.0,3.8775,-1.2999,0.5138244722222223,0.5242960000000001
30.0,3.8759,-1.2999,0.513463388888889,0.5242960000000001
31.0,3.8744,-1.3,0.5131023055555557,0.5242960000000001
32.0,3.8727,-1.2997,0.5127411944444445,0.5242960000000001
33.0,3.8709,-1.3,0.5123801666666667,0.5242960000000001
34.0,3.8695,-1.3,0.5120190555555556,0.5242960000000001
35.0,3.8677,-1.3,0.5116579444444446,0.5242960000000001
36.0,3.8666,-1.2999,0.5112968333333334,0.5242960000000001
37.0,3.8648,-1.3,0.5109357500000001,0.5242960000000001
38.0,3.8633,-1.2999,0.510574638888889,0.5242960000000001
39.0,3.8616,-1.2998,0.5102135555555557,0.5242960000000001
40.0,3.86,-1.2999,0.5098525,0.5242960000000001
41.0,3.8586,-1.3,0.5094914166666668,0.5242960000000001
42.0,3.8574,-1.2999,0.5091303055555556,0.5242960000000001
43.0,3.8557,-1.3,0.5087692222222223,0.5242960000000001
44.0,3.8544,-1.3,0.5084081111111112,0.5242960000000001
45.0,3.853,-1.3,0.5080470000000001,0.5242960000000001
46.0,3.8515,-1.2999,0.507685888888889,0.5242960000000001
47.0,3.8496,-1.2998,0.5073248055555557,0.5242960000000001
48.0,3.8484,-1.2998,0.50696375,0.5242960000000001
49.0,3.8468,-1.2998,0.5066026944444445,0.5242960000000001
50.0,3.8453,-1.2998,0.506241638888889,0.5242960000000001
51.0,3.844,-1.2999,0.5058805833333334,0.5242960000000001
52.0,3.8426,-1.2997,0.5055195000000001,0.5242960000000001
53.0,3.8412,-1.2998,0.5051584722222223,0.5242960000000001
54.0,3.8392,-1.3,0.5047974166666668,0.5242960000000001
55.0,3.8379,-1.3,0.5044363055555556,0.5242960000000001
56.0,3.8363,-1.2999,0.5040751944444445,0.5242960000000001
57.0,3.8355,-1.3,0.5037141111111112,0.5242960000000001
58.0,3.8338,-1.3,0.503353,0.5242960000000001
59.0,3.8324,-1.3,0.502991888888889,0.5242960000000001
60.0,3.8307,-1.2998,0.5026307777777779,0.5242960000000001
61.0,3.8292,-1.2999,0.5022697222222223,0.5242960000000001
62.0,3.8279,-1.3,0.5019086388888889,0.5242960000000001
63.0,3.8266,-1.3,0.5015475277777779,0.5242960000000001
64.0,3.8251,-1.2998,0.5011864166666667,0.5242960000000001
65.0,3.8237,-1.2999,0.5008253611111112,0.5242960000000001
66.0,3.8222,-1.3,0.5004642777777779,0.5242960000000001
67.0,3.8207,-1.3,0.5001031666666668,0.5242960000000001
68.0,3.8193,-1.3,0.4997420555555556,0.5242960000000001
69.0,3.8179,-1.3,0.49938094444444453,0.5242960000000001
70.0,3.8161,-1.2998,0.49901983333333344,0.5242960000000001
71.0,3.8147,-1.3,0.4986587777777779,0.5242960000000001
72.0,3.8133,-1.2999,0.49829766666666675,0.5242960000000001
73.0,3.8121,-1.2999,0.4979365833333334,0.5242960000000001
74.0,3.8105,-1.2999,0.4975755000000001,0.5242960000000001
75.0,3.8092,-1.2999,0.49721441666666677,0.5242960000000001
76.0,3.808,-1.2998,0.4968533333333334,0.5242960000000001
77.0,3.8062,-1.2999,0.4964922777777779,0.5242960000000001
78.0,3.8052,-1.2999,0.49613119444444453,0.5242960000000001
79.0,3.8033,-1.3,0.4957701111111112,0.5242960000000001
80.0,3.8021,-1.2999,0.4954090000000001,0.5242960000000001
81.0,3.8004,-1.2998,0.49504791666666675,0.5242960000000001
82.0,3.7991,-1.3,0.4946868611111112,0.5242960000000001
83.0,3.7977,-1.3,0.4943257500000001,0.5242960000000001
84.0,3.7961,-1.2999,0.493964638888889,0.5242960000000001
85.0,3.7948,-1.2999,0.49360355555555563,0.5242960000000001
86.0,3.7932,-1.2999,0.4932424722222223,0.5242960000000001
87.0,3.7918,-1.2999,0.492881388888889,0.5242960000000001
88.0,3.7903,-1.2998,0.49252030555555565,0.5242960000000001
89.0,3.7891,-1.2997,0.4921592500000001,0.5242960000000001
90.0,3.7874,-1.2999,0.4917982222222223,0.5242960000000001
91.0,3.7861,-1.2998,0.49143713888888896,0.5242960000000001
92.0,3.7848,-1.2999,0.4910760833333334,0.5242960000000001
93.0,3.7834,-1.2998,0.49071500000000007,0.5242960000000001
94.0,3.7819,-1.2999,0.4903539444444445,0.5242960000000001
95.0,3.7805,-1.3,0.4899928611111112,0.5242960000000001
96.0,3.7788,-1.2999,0.4896317500000001,0.5242960000000001
97.0,3.7781,-1.2999,0.48927066666666674,0.5242960000000001
98.0,3.7764,-1.2999,0.48890958333333345,0.5242960000000001
99.0,3.7749,-1.3,0.4885485000000001,0.5242960000000001
100.0,3.773,-1.2999,0.48818738888888896,0.5242960000000001
101.0,3.7722,-1.2998,0.4878263055555557,0.5242960000000001
102.0,3.7706,-1.2999,0.48746525000000007,0.5242960000000001
103.0,3.7695,-1.2999,0.4871041666666668,0.5242960000000001
104.0,3.768,-1.3,0.48674308333333344,0.5242960000000001
105.0,3.7666,-1.3,0.48638197222222235,0.5242960000000001
106.0,3.7652,-1.3,0.4860208611111112,0.5242960000000001
107.0,3.7636,-1.2998,0.4856597500000001,0.5242960000000001
108.0,3.7626,-1.2999,0.4852986944444445,0.5242960000000001
109.0,3.761,-1.2999,0.4849376111111112,0.5242960000000001
110.0,3.7597,-1.3,0.4845765277777779,0.5242960000000001
111.0,3.7585,-1.3001,0.4842154166666668,0.5242960000000001
112.0,3.757,-1.3,0.4838542777777779,0.5242960000000001
113.0,3.7558,-1.3,0.48349316666666675,0.5242960000000001
114.0,3.7544,-1.2998,0.48313205555555566,0.5242960000000001
115.0,3.7531,-1.2998,0.48277100000000006,0.5242960000000001
116.0,3.7518,-1.3,0.4824099444444445,0.5242960000000001
117.0,3.7504,-1.2999,0.4820488333333334,0.5242960000000001
118.0,3.7491,-1.2999,0.4816877500000001,0.5242960000000001
119.0,3.7479,-1.3,0.48132666666666674,0.5242960000000001
120.0,3.7462,-1.2999,0.48096555555555565,0.5242960000000001
121.0,3.7451,-1.2998,0.4806044722222223,0.5242960000000001
122.0,3.744,-1.2998,0.48024341666666676,0.5242960000000001
123.0,3.7427,-1.2999,0.4798823611111112,0.5242960000000001
124.0,3.7416,-1.2999,0.47952127777777787,0.5242960000000001
125.0,3.74,-1.2999,0.4791601944444445,0.5242960000000001
126.0,3.7388,-1.2999,0.4787991111111112,0.5242960000000001
127.0,3.7377,-1.2998,0.4784380277777779,0.5242960000000001
128.0,3.736,-1.3,0.47807697222222234,0.5242960000000001
129.0,3.7351,-1.2999,0.4777158611111112,0.5242960000000001
130.0,3.7338,-1.3,0.47735477777777785,0.5242960000000001
131.0,3.7325,-1.3,0.47699366666666676,0.5242960000000001
132.0,3.7313,-1.2999,0.4766325555555556,0.5242960000000001
133.0,3.7302,-1.2999,0.4762714722222223,0.5242960000000001
134.0,3.7286,-1.2999,0.475910388888889,0.5242960000000001
135.0,3.7276,-1.2998,0.47554930555555563,0.5242960000000001
136.0,3.7263,-1.2998,0.4751882500000001,0.5242960000000001
137.0,3.725,-1.2999,0.47482719444444454,0.5242960000000001
138.0,3.724,-1.3,0.4744661111111112,0.5242960000000001
139.0,3.7225,-1.2998,0.4741050000000001,0.5242960000000001
140.0,3.7214,-1.2999,0.47374394444444456,0.5242960000000001
141.0,3.7203,-1.2998,0.4733828611111112,0.5242960000000001
142.0,3.719,-1.2999,0.4730218055555556,0.5242960000000001
143.0,3.7177,-1.2999,0.47266072222222233,0.5242960000000001
144.0,3.7167,-1.2998,0.472299638888889,0.5242960000000001
145.0,3.7155,-1.3,0.47193858333333344,0.5242960000000001
146.0,3.7143,-1.3,0.4715774722222223,0.5242960000000001
147.0,3.7133,-1.3,0.4712163611111112,0.5242960000000001
148.0,3.7121,-1.2998,0.4708552500000001,0.5242960000000001
149.0,3.7106,-1.2999,0.4704941944444445,0.5242960000000001
150.0,3.7096,-1.2999,0.4701331111111112,0.5242960000000001
151.0,3.7086,-1.2999,0.4697720277777779,0.5242960000000001
152.0,3.7075,-1.2998,0.46941094444444453,0.5242960000000001
153.0,3.7063,-1.3,0.469049888888889,0.5242960000000001
154.0,3.7051,-1.3,0.46868877777777784,0.5242960000000001
155.0,3.7039,-1.2999,0.46832766666666675,0.5242960000000001
156.0,3.7027,-1.3,0.4679665833333334,0.5242960000000001
157.0,3.7017,-1.3,0.4676054722222223,0.5242960000000001
158.0,3.7008,-1.2999,0.46724436111111123,0.5242960000000001
159.0,3.6994,-1.3,0.4668832777777779,0.5242960000000001
160.0,3.6982,-1.2999,0.46652216666666674,0.5242960000000001
161.0,3.6973,-1.2999,0.4661610833333334,0.5242960000000001
162.0,3.6963,-1.2999,0.4658000000000001,0.5242960000000001
163.0,3.6948,-1.3,0.46543891666666676,0.5242960000000001
164.0,3.6939,-1.3001,0.46507780555555567,0.5242960000000001
165.0,3.6929,-1.3,0.4647166666666668,0.5242960000000001
166.0,3.6921,-1.2999,0.46435555555555563,0.5242960000000001
167.0,3.6907,-1.3,0.4639944722222223,0.5242960000000001
168.0,3.6895,-1.3,0.4636333611111112,0.5242960000000001
169.0,3.6884,-1.3,0.4632722500000001,0.5242960000000001
170.0,3.6873,-1.3,0.46291113888888896,0.5242960000000001
171.0,3.6862,-1.3,0.4625500277777779,0.5242960000000001
172.0,3.6852,-1.2999,0.4621889166666668,0.5242960000000001
173.0,3.6842,-1.2999,0.46182783333333344,0.5242960000000001
174.0,3.6831,-1.2998,0.4614667500000001,0.5242960000000001
175.0,3.6818,-1.2999,0.46110569444444455,0.5242960000000001
176.0,3.6808,-1.3,0.4607446111111112,0.5242960000000001
177.0,3.6797,-1.2998,0.46038350000000006,0.5242960000000001
178.0,3.679,-1.2999,0.4600224444444445,0.5242960000000001
179.0,3.6778,-1.2999,0.4596613611111112,0.5242960000000001
180.0,3.6768,-1.3,0.4593002777777779,0.5242960000000001
181.0,3.6759,-1.2999,0.4589391666666668,0.5242960000000001
182.0,3.6746,-1.2999,0.45857808333333344,0.5242960000000001
183.0,3.6738,-1.2999,0.4582170000000001,0.5242960000000001
184.0,3.6725,-1.2999,0.45785591666666675,0.5242960000000001
185.0,3.6715,-1.2999,0.4574948333333334,0.5242960000000001
186.0,3.6706,-1.2999,0.4571337500000001,0.5242960000000001
187.0,3.6697,-1.2998,0.45677266666666677,0.5242960000000001
188.0,3.6687,-1.3,0.45641161111111117,0.5242960000000001
189.0,3.6676,-1.2998,0.4560505000000001,0.5242960000000001
190.0,3.6668,-1.2999,0.45568944444444454,0.5242960000000001
191.0,3.6655,-1.2999,0.4553283611111112,0.5242960000000001
192.0,3.6645,-1.3,0.45496727777777785,0.5242960000000001
193.0,3.6634,-1.2999,0.45460616666666676,0.5242960000000001
194.0,3.6627,-1.2999,0.4542450833333334,0.5242960000000001
195.0,3.6616,-1.3003,0.45388400000000007,0.5242960000000001
196.0,3.6604,-1.2999,0.45352280555555563,0.5242960000000001
197.0,3.6596,-1.3001,0.4531617222222223,0.5242960000000001
198.0,3.6586,-1.2999,0.4528005833333334,0.5242960000000001
199.0,3.6577,-1.2999,0.4524395000000001,0.5242960000000001
200.0,3.6566,-1.2999,0.45207841666666676,0.5242960000000001
201.0,3.6555,-1.3,0.4517173333333334,0.5242960000000001
202.0,3.6547,-1.3,0.45135622222222227,0.5242960000000001
203.0,3.6535,-1.2998,0.4509951111111112,0.5242960000000001
204.0,3.6525,-1.3,0.45063405555555563,0.5242960000000001
205.0,3.6518,-1.2998,0.45027294444444455,0.5242960000000001
206.0,3.6509,-1.2998,0.449911888888889,0.5242960000000001
207.0,3.6498,-1.3,0.4495508333333334,0.5242960000000001
208.0,3.6491,-1.2999,0.4491897222222223,0.5242960000000001
209.0,3.648,-1.2999,0.448828638888889,0.5242960000000001
210.0,3.647,-1.3,0.4484675555555556,0.5242960000000001
211.0,3.6463,-1.3,0.44810644444444453,0.5242960000000001
212.0,3.6451,-1.2998,0.44774533333333344,0.5242960000000001
213.0,3.6439,-1.2998,0.4473842777777779,0.5242960000000001
214.0,3.6434,-1.2999,0.44702322222222235,0.5242960000000001
215.0,3.6425,-1.2998,0.44666213888888895,0.5242960000000001
216.0,3.6414,-1.2999,0.4463010833333334,0.5242960000000001
217.0,3.6405,-1.2999,0.4459400000000001,0.5242960000000001
218.0,3.6395,-1.2999,0.44557891666666677,0.5242960000000001
219.0,3.6386,-1.2999,0.4452178333333334,0.5242960000000001
220.0,3.6379,-1.2998,0.44485675000000013,0.5242960000000001
221.0,3.6368,-1.2998,0.44449569444444453,0.5242960000000001
222.0,3.6361,-1.2999,0.444134638888889,0.5242960000000001
223.0,3.6351,-1.2999,0.44377355555555564,0.5242960000000001
224.0,3.6342,-1.3003,0.4434124722222223,0.5242960000000001
225.0,3.6334,-1.3,0.44305127777777786,0.5242960000000001
226.0,3.6322,-1.3,0.4426901666666668,0.5242960000000001
227.0,3.6315,-1.2998,0.4423290555555557,0.5242960000000001
228.0,3.6305,-1.2999,0.4419680000000001,0.5242960000000001
229.0,3.6296,-1.2999,0.44160691666666674,0.5242960000000001
230.0,3.6289,-1.3,0.44124583333333345,0.5242960000000001
231.0,3.6278,-1.2998,0.4408847222222223,0.5242960000000001
232.0,3.6269,-1.2999,0.44052366666666676,0.5242960000000001
233.0,3.6263,-1.3,0.4401625833333334,0.5242960000000001
234.0,3.6252,-1.2999,0.4398014722222223,0.5242960000000001
235.0,3.6244,-1.2999,0.439440388888889,0.5242960000000001
236.0,3.6235,-1.2999,0.43907930555555563,0.5242960000000001
237.0,3.6226,-1.2999,0.43871822222222234,0.5242960000000001
238.0,3.6216,-1.2998,0.438357138888889,0.5242960000000001
239.0,3.6211,-1.2999,0.4379960833333334,0.5242960000000001
240.0,3.6202,-1.2999,0.4376350000000001,0.5242960000000001
241.0,3.6191,-1.2998,0.43727391666666676,0.5242960000000001
242.0,3.6184,-1.2999,0.4369128611111112,0.5242960000000001
243.0,3.6176,-1.3,0.43655177777777787,0.5242960000000001
244.0,3.6168,-1.2998,0.4361906666666667,0.5242960000000001
245.0,3.6159,-1.2998,0.4358296111111112,0.5242960000000001
246.0,3.6151,-1.2999,0.43546855555555564,0.5242960000000001
247.0,3.6141,-1.2998,0.43510747222222235,0.5242960000000001
248.0,3.6131,-1.2998,0.43474641666666675,0.5242960000000001
249.0,3.6124,-1.3001,0.4343853611111112,0.5242960000000001
250.0,3.6115,-1.3,0.4340242222222223,0.5242960000000001
251.0,3.611,-1.2999,0.4336631111111112,0.5242960000000001
252.0,3.61,-1.2999,0.4333020277777779,0.5242960000000001
253.0,3.6091,-1.3,0.43294094444444453,0.5242960000000001
254.0,3.6085,-1.2999,0.4325798333333334,0.5242960000000001
255.0,3.6076,-1.2999,0.4322187500000001,0.5242960000000001
256.0,3.6067,-1.2997,0.43185766666666675,0.5242960000000001
257.0,3.6059,-1.3,0.431496638888889,0.5242960000000001
258.0,3.6051,-1.2999,0.43113552777777786,0.5242960000000001
259.0,3.6042,-1.3001,0.4307744444444445,0.5242960000000001
260.0,3.6034,-1.3,0.4304133055555556,0.5242960000000001
261.0,3.6028,-1.2999,0.43005219444444454,0.5242960000000001
262.0,3.6018,-1.2998,0.4296911111111112,0.5242960000000001
263.0,3.601,-1.3,0.42933005555555565,0.5242960000000001
264.0,3.6,-1.2998,0.42896894444444456,0.5242960000000001
265.0,3.5997,-1.3001,0.42860788888888895,0.5242960000000001
266.0,3.5987,-1.3001,0.42824675000000006,0.5242960000000001
267.0,3.5979,-1.2999,0.4278856111111112,0.5242960000000001
268.0,3.5969,-1.2998,0.42752452777777783,0.5242960000000001
269.0,3.596,-1.2998,0.4271634722222223,0.5242960000000001
270.0,3.5955,-1.2999,0.42680241666666674,0.5242960000000001
271.0,3.5944,-1.2999,0.4264413333333334,0.5242960000000001
272.0,3.594,-1.2999,0.42608025000000005,0.5242960000000001
273.0,3.5931,-1.2999,0.42571916666666676,0.5242960000000001
274.0,3.5925,-1.2998,0.4253580833333334,0.5242960000000001
275.0,3.5915,-1.2999,0.42499702777777787,0.5242960000000001
276.0,3.5909,-1.2999,0.4246359444444445,0.5242960000000001
277.0,3.5899,-1.3001,0.4242748611111112,0.5242960000000001
278.0,3.5892,-1.2999,0.4239137222222223,0.5242960000000001
279.0,3.5888,-1.2999,0.42355263888888894,0.5242960000000001
280.0,3.5875,-1.3,0.42319155555555565,0.5242960000000001
281.0,3.5872,-1.2999,0.4228304444444445,0.5242960000000001
282.0,3.5862,-1.2999,0.4224693611111112,0.5242960000000001
283.0,3.5854,-1.2998,0.4221082777777779,0.5242960000000001
284.0,3.5845,-1.2999,0.4217472222222223,0.5242960000000001
285.0,3.5836,-1.3,0.421386138888889,0.5242960000000001
286.0,3.5831,-1.3,0.42102502777777784,0.5242960000000001
287.0,3.5823,-1.2999,0.42066391666666675,0.5242960000000001
288.0,3.5816,-1.2998,0.4203028333333334,0.5242960000000001
289.0,3.5808,-1.2999,0.41994177777777786,0.5242960000000001
290.0,3.5802,-1.2998,0.4195806944444445,0.5242960000000001
291.0,3.5792,-1.2999,0.41921963888888897,0.5242960000000001
292.0,3.5784,-1.2998,0.4188585555555556,0.5242960000000001
293.0,3.5777,-1.2999,0.4184975000000001,0.5242960000000001
294.0,3.5771,-1.2999,0.41813641666666673,0.5242960000000001
295.0,3.5763,-1.2999,0.4177753333333334,0.5242960000000001
296.0,3.5753,-1.2999,0.4174142500000001,0.5242960000000001
297.0,3.5747,-1.2999,0.41705316666666675,0.5242960000000001
298.0,3.574,-1.2999,0.4166920833333334,0.5242960000000001
299.0,3.5732,-1.3,0.4163310000000001,0.5242960000000001
300.0,3.5724,-1.2998,0.415969888888889,0.5242960000000001
301.0,3.5721,-1.2999,0.4156088333333334,0.5242960000000001
302.0,3.5712,-1.2999,0.4152477500000001,0.5242960000000001
303.0,3.5701,-1.3,0.41488666666666674,0.5242960000000001
304.0,3.5698,-1.2999,0.41452555555555565,0.5242960000000001
305.0,3.5689,-1.2997,0.4141644722222223,0.5242960000000001
306.0,3.5683,-1.2999,0.4138034444444445,0.5242960000000001
307.0,3.5674,-1.2999,0.4134423611111112,0.5242960000000001
308.0,3.5668,-1.3,0.41308127777777787,0.5242960000000001
309.0,3.5661,-1.3,0.4127201666666668,0.5242960000000001
310.0,3.5653,-1.3,0.41235905555555563,0.5242960000000001
311.0,3.5646,-1.2999,0.4119979444444445,0.5242960000000001
312.0,3.5639,-1.3,0.4116368611111112,0.5242960000000001
313.0,3.5632,-1.2999,0.41127575000000005,0.5242960000000001
314.0,3.5625,-1.2999,0.41091466666666676,0.5242960000000001
315.0,3.5615,-1.2999,0.4105535833333334,0.5242960000000001
316.0,3.561,-1.3001,0.41019250000000007,0.5242960000000001
317.0,3.56,-1.2998,0.4098313611111112,0.5242960000000001
318.0,3.5596,-1.2998,0.40947030555555564,0.5242960000000001
319.0,3.5588,-1.2999,0.4091092500000001,0.5242960000000001
320.0,3.5581,-1.3,0.40874816666666675,0.5242960000000001
321.0,3.5574,-1.2999,0.40838705555555566,0.5242960000000001
322.0,3.5566,-1.2998,0.4080259722222223,0.5242960000000001
323.0,3.556,-1.3,0.4076649166666667,0.5242960000000001
324.0,3.5553,-1.2998,0.4073038055555556,0.5242960000000001
325.0,3.5546,-1.3,0.4069427500000001,0.5242960000000001
326.0,3.554,-1.2997,0.406581638888889,0.5242960000000001
327.0,3.5534,-1.3,0.4062206111111112,0.5242960000000001
328.0,3.5524,-1.2999,0.4058595000000001,0.5242960000000001
329.0,3.552,-1.2999,0.40549841666666675,0.5242960000000001
330.0,3.5513,-1.2999,0.4051373333333334,0.5242960000000001
331.0,3.5504,-1.2999,0.40477625000000006,0.5242960000000001
332.0,3.5498,-1.3,0.40441516666666677,0.5242960000000001
333.0,3.549,-1.2999,0.4040540555555556,0.5242960000000001
334.0,3.5483,-1.2998,0.40369297222222233,0.5242960000000001
335.0,3.5477,-1.2999,0.40333191666666673,0.5242960000000001
336.0,3.547,-1.2998,0.4029708333333334,0.5242960000000001
337.0,3.5465,-1.2999,0.40260977777777784,0.5242960000000001
338.0,3.5455,-1.2999,0.40224869444444455,0.5242960000000001
339.0,3.5448,-1.3001,0.40188761111111115,0.5242960000000001
340.0,3.5444,-1.2998,0.40152647222222226,0.5242960000000001
341.0,3.5437,-1.3001,0.4011654166666667,0.5242960000000001
342.0,3.5429,-1.3001,0.40080427777777783,0.5242960000000001
343.0,3.5421,-1.2999,0.40044313888888894,0.5242960000000001
344.0,3.5418,-1.2999,0.40008205555555565,0.5242960000000001
345.0,3.5408,-1.2999,0.3997209722222223,0.5242960000000001
346.0,3.5402,-1.2999,0.39935988888888896,0.5242960000000001
347.0,3.5399,-1.2999,0.39899880555555567,0.5242960000000001
348.0,3.5391,-1.3001,0.3986377222222223,0.5242960000000001
349.0,3.538,-1.3,0.39827658333333343,0.5242960000000001
350.0,3.5375,-1.3,0.39791547222222234,0.5242960000000001
351.0,3.5368,-1.3,0.3975543611111112,0.5242960000000001
352.0,3.5361,-1.2999,0.39719325000000005,0.5242960000000001
353.0,3.5356,-1.2998,0.39683216666666676,0.5242960000000001
354.0,3.5348,-1.2999,0.3964711111111112,0.5242960000000001
355.0,3.5342,-1.3,0.3961100277777779,0.5242960000000001
356.0,3.5333,-1.2999,0.3957489166666668,0.5242960000000001
357.0,3.5328,-1.3,0.3953878333333334,0.5242960000000001
358.0,3.5321,-1.2999,0.3950267222222223,0.5242960000000001
359.0,3.5315,-1.3,0.39466563888888895,0.5242960000000001
360.0,3.5304,-1.2999,0.39430452777777786,0.5242960000000001
361.0,3.5304,-1.2999,0.3939434444444445,0.5242960000000001
362.0,3.5296,-1.2998,0.3935823611111112,0.5242960000000001
363.0,3.5287,-1.2999,0.3932213055555556,0.5242960000000001
364.0,3.5283,-1.3,0.3928602222222223,0.5242960000000001
365.0,3.5275,-1.2999,0.3924991111111112,0.5242960000000001
366.0,3.5269,-1.2999,0.39213802777777784,0.5242960000000001
367.0,3.5263,-1.2997,0.39177694444444455,0.5242960000000001
368.0,3.5254,-1.2999,0.39141591666666675,0.5242960000000001
369.0,3.5251,-1.3,0.3910548333333334,0.5242960000000001
370.0,3.5244,-1.3,0.3906937222222223,0.5242960000000001
371.0,3.5237,-1.2999,0.39033261111111117,0.5242960000000001
372.0,3.523,-1.2999,0.3899715277777779,0.5242960000000001
373.0,3.5222,-1.3001,0.38961044444444454,0.5242960000000001
374.0,3.5215,-1.3,0.38924930555555565,0.5242960000000001
375.0,3.5209,-1.2999,0.38888819444444456,0.5242960000000001
376.0,3.5204,-1.2999,0.3885271111111112,0.5242960000000001
377.0,3.5198,-1.3,0.38816602777777787,0.5242960000000001
378.0,3.5191,-1.2999,0.3878049166666667,0.5242960000000001
379.0,3.5185,-1.2999,0.38744383333333343,0.5242960000000001
380.0,3.5179,-1.2998,0.3870827500000001,0.5242960000000001
381.0,3.5172,-1.2999,0.38672169444444454,0.5242960000000001
382.0,3.5164,-1.3,0.3863606111111112,0.5242960000000001
383.0,3.5158,-1.2999,0.3859995000000001,0.5242960000000001
384.0,3.5149,-1.2999,0.38563841666666676,0.5242960000000001
385.0,3.5145,-1.2999,0.3852773333333334,0.5242960000000001
386.0,3.5139,-1.2999,0.38491625000000007,0.5242960000000001
387.0,3.5132,-1.3,0.3845551666666667,0.5242960000000001
388.0,3.5126,-1.2999,0.38419405555555564,0.5242960000000001
389.0,3.5123,-1.2999,0.3838329722222223,0.5242960000000001
390.0,3.5113,-1.3,0.38347188888888895,0.5242960000000001
391.0,3.5104,-1.2999,0.38311077777777786,0.5242960000000001
392.0,3.5099,-1.2999,0.3827496944444445,0.5242960000000001
393.0,3.5095,-1.2999,0.38238861111111117,0.5242960000000001
394.0,3.5087,-1.2999,0.3820275277777779,0.5242960000000001
395.0,3.5081,-1.2999,0.38166644444444453,0.5242960000000001
396.0,3.5074,-1.2999,0.3813053611111112,0.5242960000000001
397.0,3.5071,-1.2999,0.38094427777777784,0.5242960000000001
398.0,3.5062,-1.2999,0.38058319444444455,0.5242960000000001
399.0,3.5056,-1.2998,0.3802221111111112,0.5242960000000001
400.0,3.5047,-1.2999,0.3798610555555556,0.5242960000000001
401.0,3.5045,-1.3,0.3794999722222223,0.5242960000000001
402.0,3.5035,-1.3001,0.37913886111111117,0.5242960000000001
403.0,3.5032,-1.2998,0.3787777222222223,0.5242960000000001
404.0,3.502,-1.2997,0.37841666666666673,0.5242960000000001
405.0,3.5016,-1.2999,0.37805563888888893,0.5242960000000001
406.0,3.5009,-1.2999,0.37769455555555564,0.5242960000000001
407.0,3.5003,-1.2999,0.3773334722222223,0.5242960000000001
408.0,3.4999,-1.2999,0.37697238888888895,0.5242960000000001
409.0,3.4989,-1.3,0.37661130555555566,0.5242960000000001
410.0,3.4987,-1.3,0.3762501944444445,0.5242960000000001
411.0,3.4981,-1.2998,0.37588908333333343,0.5242960000000001
412.0,3.4974,-1.3001,0.37552802777777783,0.5242960000000001
413.0,3.4967,-1.3,0.37516688888888894,0.5242960000000001
414.0,3.4963,-1.2998,0.37480577777777785,0.5242960000000001
415.0,3.4954,-1.2999,0.3744447222222223,0.5242960000000001
416.0,3.4947,-1.3001,0.37408363888888896,0.5242960000000001
417.0,3.494,-1.2999,0.37372250000000007,0.5242960000000001
418.0,3.4937,-1.3,0.3733614166666668,0.5242960000000001
419.0,3.4931,-1.3,0.37300030555555563,0.5242960000000001
420.0,3.4922,-1.2998,0.37263919444444454,0.5242960000000001
421.0,3.4916,-1.2999,0.37227813888888894,0.5242960000000001
422.0,3.491,-1.2999,0.37191705555555565,0.5242960000000001
423.0,3.4903,-1.3001,0.3715559722222223,0.5242960000000001
424.0,3.4896,-1.2999,0.3711948333333334,0.5242960000000001
425.0,3.4889,-1.2998,0.3708337500000001,0.5242960000000001
426.0,3.4884,-1.2998,0.37047269444444453,0.5242960000000001
427.0,3.4877,-1.2999,0.370111638888889,0.5242960000000001
428.0,3.4873,-1.2998,0.36975055555555564,0.5242960000000001
429.0,3.4866,-1.2998,0.36938950000000004,0.5242960000000001
430.0,3.4861,-1.2999,0.3690284444444445,0.5242960000000001
431.0,3.4852,-1.2999,0.3686673611111112,0.5242960000000001
432.0,3.4847,-1.2997,0.36830627777777786,0.5242960000000001
433.0,3.4841,-1.2999,0.3679452500000001,0.5242960000000001
434.0,3.4837,-1.2998,0.36758416666666677,0.5242960000000001
435.0,3.4831,-1.3001,0.36722311111111117,0.5242960000000001
436.0,3.4823,-1.2998,0.3668619722222223,0.5242960000000001
437.0,3.4818,-1.3,0.36650091666666673,0.5242960000000001
438.0,3.4811,-1.2998,0.36613980555555564,0.5242960000000001
439.0,3.4802,-1.3,0.3657787500000001,0.5242960000000001
440.0,3.4796,-1.2999,0.365417638888889,0.5242960000000001
441.0,3.4792,-1.2997,0.36505655555555566,0.5242960000000001
442.0,3.4786,-1.3,0.36469552777777786,0.5242960000000001
443.0,3.4779,-1.2997,0.36433441666666677,0.5242960000000001
444.0,3.4772,-1.2998,0.36397338888888897,0.5242960000000001
445.0,3.4769,-1.2999,0.3636123333333334,0.5242960000000001
446.0,3.4761,-1.3,0.3632512500000001,0.5242960000000001
447.0,3.4756,-1.2998,0.362890138888889,0.5242960000000001
448.0,3.4747,-1.2998,0.36252908333333345,0.5242960000000001
449.0,3.4741,-1.2999,0.36216802777777785,0.5242960000000001
450.0,3.4735,-1.2999,0.3618069444444445,0.5242960000000001
451.0,3.473,-1.3,0.3614458611111112,0.5242960000000001
452.0,3.4724,-1.2999,0.36108475000000007,0.5242960000000001
453.0,3.4719,-1.2999,0.3607236666666668,0.5242960000000001
454.0,3.471,-1.2998,0.36036258333333343,0.5242960000000001
455.0,3.4705,-1.3,0.3600015277777779,0.5242960000000001
456.0,3.4697,-1.2999,0.35964041666666674,0.5242960000000001
457.0,3.4696,-1.2999,0.3592793333333334,0.5242960000000001
458.0,3.4686,-1.2998,0.3589182500000001,0.5242960000000001
459.0,3.468,-1.2999,0.3585571944444445,0.5242960000000001
460.0,3.4674,-1.2999,0.3581961111111112,0.5242960000000001
461.0,3.4668,-1.2998,0.35783502777777787,0.5242960000000001
462.0,3.466,-1.2999,0.3574739722222223,0.5242960000000001
463.0,3.4658,-1.3,0.357112888888889,0.5242960000000001
464.0,3.4646,-1.2999,0.3567517777777779,0.5242960000000001
465.0,3.4641,-1.2998,0.35639069444444454,0.5242960000000001
466.0,3.4636,-1.2999,0.35602963888888894,0.5242960000000001
467.0,3.463,-1.3,0.35566855555555565,0.5242960000000001
468.0,3.4625,-1.2999,0.3553074444444445,0.5242960000000001
469.0,3.4617,-1.2999,0.3549463611111112,0.5242960000000001
470.0,3.4611,-1.3,0.3545852777777779,0.5242960000000001
471.0,3.4605,-1.3,0.3542241666666668,0.5242960000000001
472.0,3.46,-1.3,0.35386305555555564,0.5242960000000001
473.0,3.4593,-1.3001,0.3535019444444445,0.5242960000000001
474.0,3.4587,-1.2999,0.3531408055555556,0.5242960000000001
475.0,3.4579,-1.3001,0.3527797222222223,0.5242960000000001
476.0,3.4575,-1.2998,0.3524185833333334,0.5242960000000001
477.0,3.4568,-1.3,0.3520575277777779,0.5242960000000001
478.0,3.4562,-1.2999,0.35169641666666673,0.5242960000000001
479.0,3.4555,-1.3,0.35133533333333344,0.5242960000000001
480.0,3.4551,-1.2998,0.3509742222222223,0.5242960000000001
481.0,3.4541,-1.3,0.35061316666666675,0.5242960000000001
482.0,3.4537,-1.2999,0.35025205555555566,0.5242960000000001
483.0,3.453,-1.2999,0.3498909722222223,0.5242960000000001
484.0,3.4523,-1.3001,0.349529888888889,0.5242960000000001
485.0,3.4518,-1.3,0.3491687500000001,0.5242960000000001
486.0,3.4512,-1.3,0.348807638888889,0.5242960000000001
487.0,3.4506,-1.2998,0.34844652777777785,0.5242960000000001
488.0,3.45,-1.2999,0.3480854722222223,0.5242960000000001
489.0,3.4493,-1.3,0.34772438888888896,0.5242960000000001
490.0,3.4488,-1.3,0.34736327777777787,0.5242960000000001
491.0,3.4479,-1.3,0.3470021666666667,0.5242960000000001
492.0,3.4473,-1.3,0.34664105555555563,0.5242960000000001
493.0,3.4469,-1.2999,0.34627994444444454,0.5242960000000001
494.0,3.4459,-1.2999,0.3459188611111112,0.5242960000000001
495.0,3.4458,-1.3,0.34555777777777785,0.5242960000000001
496.0,3.4448,-1.2999,0.34519666666666676,0.5242960000000001
497.0,3.4444,-1.2998,0.3448355833333334,0.5242960000000001
498.0,3.4437,-1.2998,0.3444745277777779,0.5242960000000001
499.0,3.4429,-1.2999,0.3441134722222223,0.5242960000000001
500.0,3.4426,-1.2999,0.343752388888889,0.5242960000000001
501.0,3.4418,-1.2999,0.34339130555555564,0.5242960000000001
502.0,3.4413,-1.3,0.3430302222222223,0.5242960000000001
503.0,3.4408,-1.3,0.3426691111111112,0.5242960000000001
504.0,3.4397,-1.3,0.3423080000000001,0.5242960000000001
505.0,3.4392,-1.3,0.34194688888888897,0.5242960000000001
506.0,3.4388,-1.3,0.3415857777777779,0.5242960000000001
507.0,3.4383,-1.3,0.34122466666666673,0.5242960000000001
508.0,3.4375,-1.2999,0.34086355555555564,0.5242960000000001
509.0,3.437,-1.3,0.3405024722222223,0.5242960000000001
510.0,3.4361,-1.2998,0.3401413611111112,0.5242960000000001
511.0,3.4356,-1.2999,0.33978030555555566,0.5242960000000001
512.0,3.435,-1.2999,0.3394192222222223,0.5242960000000001
513.0,3.4344,-1.2999,0.33905813888888897,0.5242960000000001
514.0,3.4338,-1.2998,0.3386970555555556,0.5242960000000001
515.0,3.433,-1.2998,0.3383360000000001,0.5242960000000001
516.0,3.4323,-1.2999,0.33797494444444454,0.5242960000000001
517.0,3.4318,-1.2999,0.3376138611111112,0.5242960000000001
518.0,3.431,-1.3,0.33725277777777785,0.5242960000000001
519.0,3.4304,-1.2999,0.3368916666666667,0.5242960000000001
520.0,3.4299,-1.2999,0.3365305833333334,0.5242960000000001
521.0,3.4292,-1.2999,0.33616950000000007,0.5242960000000001
522.0,3.4286,-1.2998,0.3358084166666667,0.5242960000000001
523.0,3.4279,-1.2999,0.3354473611111112,0.5242960000000001
524.0,3.4273,-1.3,0.3350862777777779,0.5242960000000001
525.0,3.4268,-1.2999,0.33472516666666674,0.5242960000000001
526.0,3.4264,-1.3,0.3343640833333334,0.5242960000000001
527.0,3.4257,-1.2999,0.3340029722222223,0.5242960000000001
528.0,3.4247,-1.3,0.33364188888888896,0.5242960000000001
529.0,3.424,-1.2998,0.33328077777777787,0.5242960000000001
530.0,3.4235,-1.3,0.3329197222222223,0.5242960000000001
531.0,3.4227,-1.2999,0.3325586111111112,0.5242960000000001
532.0,3.422,-1.3001,0.33219752777777783,0.5242960000000001
533.0,3.4216,-1.3,0.33183638888888894,0.5242960000000001
534.0,3.4209,-1.2999,0.33147527777777785,0.5242960000000001
535.0,3.4205,-1.2998,0.3311141944444445,0.5242960000000001
536.0,3.4197,-1.2999,0.33075313888888896,0.5242960000000001
537.0,3.419,-1.2999,0.3303920555555556,0.5242960000000001
538.0,3.4184,-1.2999,0.3300309722222223,0.5242960000000001
539.0,3.4177,-1.3,0.32966988888888893,0.5242960000000001
540.0,3.4171,-1.2999,0.32930877777777784,0.5242960000000001
541.0,3.4164,-1.3,0.3289476944444445,0.5242960000000001
542.0,3.4157,-1.3,0.3285865833333334,0.5242960000000001
543.0,3.4152,-1.2998,0.3282254722222223,0.5242960000000001
544.0,3.4144,-1.3,0.32786441666666677,0.5242960000000001
545.0,3.4138,-1.2999,0.3275033055555556,0.5242960000000001
546.0,3.4135,-1.2999,0.3271422222222223,0.5242960000000001
547.0,3.4127,-1.2999,0.32678113888888893,0.5242960000000001
548.0,3.4121,-1.3001,0.32642005555555564,0.5242960000000001
549.0,3.4112,-1.2999,0.32605891666666675,0.5242960000000001
550.0,3.4106,-1.2999,0.3256978333333334,0.5242960000000001
551.0,3.4102,-1.2998,0.32533675000000006,0.5242960000000001
552.0,3.4092,-1.2999,0.3249756944444445,0.5242960000000001
553.0,3.409,-1.2999,0.3246146111111112,0.5242960000000001
554.0,3.4081,-1.2998,0.32425352777777783,0.5242960000000001
555.0,3.4074,-1.2998,0.3238924722222223,0.5242960000000001
556.0,3.4069,-1.2998,0.32353141666666674,0.5242960000000001
557.0,3.4061,-1.3,0.3231703611111112,0.5242960000000001
558.0,3.4055,-1.3,0.32280925000000005,0.5242960000000001
559.0,3.4047,-1.2999,0.32244813888888896,0.5242960000000001
560.0,3.4045,-1.2999,0.3220870555555556,0.5242960000000001
561.0,3.4034,-1.2998,0.3217259722222223,0.5242960000000001
562.0,3.4028,-1.2999,0.3213649166666667,0.5242960000000001
563.0,3.4023,-1.2999,0.3210038333333334,0.5242960000000001
564.0,3.4016,-1.3001,0.3206427500000001,0.5242960000000001
565.0,3.4009,-1.2998,0.3202816111111112,0.5242960000000001
566.0,3.4003,-1.2998,0.31992055555555565,0.5242960000000001
567.0,3.3997,-1.2998,0.31955950000000005,0.5242960000000001
568.0,3.3991,-1.2998,0.3191984444444445,0.5242960000000001
569.0,3.3986,-1.2999,0.31883738888888896,0.5242960000000001
570.0,3.3978,-1.2999,0.3184763055555556,0.5242960000000001
571.0,3.3973,-1.2999,0.31811522222222227,0.5242960000000001
572.0,3.3965,-1.3001,0.317754138888889,0.5242960000000001
573.0,3.3956,-1.2999,0.3173930000000001,0.5242960000000001
574.0,3.3951,-1.3,0.31703191666666675,0.5242960000000001
575.0,3.3947,-1.3,0.3166708055555556,0.5242960000000001
576.0,3.3939,-1.2999,0.3163096944444445,0.5242960000000001
577.0,3.3933,-1.2999,0.31594861111111117,0.5242960000000001
578.0,3.3925,-1.2999,0.3155875277777779,0.5242960000000001
579.0,3.392,-1.3,0.31522644444444453,0.5242960000000001
580.0,3.3913,-1.2998,0.3148653333333334,0.5242960000000001
581.0,3.3908,-1.3,0.31450427777777784,0.5242960000000001
582.0,3.39,-1.2999,0.31414316666666675,0.5242960000000001
583.0,3.3893,-1.2998,0.3137820833333334,0.5242960000000001
584.0,3.3887,-1.2999,0.31342102777777786,0.5242960000000001
585.0,3.3882,-1.3,0.3130599444444445,0.5242960000000001
586.0,3.387,-1.2998,0.3126988333333334,0.5242960000000001
587.0,3.3866,-1.2999,0.3123377777777778,0.5242960000000001
588.0,3.386,-1.2999,0.31197669444444454,0.5242960000000001
589.0,3.3856,-1.2998,0.3116156111111112,0.5242960000000001
590.0,3.3846,-1.2999,0.31125455555555565,0.5242960000000001
591.0,3.3843,-1.3,0.3108934722222223,0.5242960000000001
592.0,3.3834,-1.2999,0.31053236111111115,0.5242960000000001
593.0,3.3828,-1.3,0.31017127777777787,0.5242960000000001
594.0,3.3822,-1.2999,0.3098101666666667,0.5242960000000001
595.0,3.3815,-1.2998,0.30944908333333343,0.5242960000000001
596.0,3.3807,-1.3,0.30908802777777783,0.5242960000000001
597.0,3.3801,-1.2998,0.30872691666666674,0.5242960000000001
598.0,3.3794,-1.2999,0.3083658611111112,0.5242960000000001
599.0,3.379,-1.3,0.30800477777777785,0.5242960000000001
600.0,3.3784,-1.2999,0.30764366666666676,0.5242960000000001
601.0,3.3773,-1.2999,0.3072825833333334,0.5242960000000001
602.0,3.3769,-1.2998,0.30692150000000007,0.5242960000000001
603.0,3.3763,-1.3,0.3065604444444445,0.5242960000000001
604.0,3.3755,-1.3,0.3061993333333334,0.5242960000000001
605.0,3.375,-1.3001,0.3058382222222223,0.5242960000000001
606.0,3.3742,-1.2998,0.3054770833333334,0.5242960000000001
607.0,3.3736,-1.2999,0.30511602777777785,0.5242960000000001
608.0,3.3728,-1.2998,0.3047549444444445,0.5242960000000001
609.0,3.3725,-1.2999,0.30439388888888896,0.5242960000000001
610.0,3.3715,-1.2999,0.3040328055555556,0.5242960000000001
611.0,3.371,-1.2999,0.3036717222222223,0.5242960000000001
612.0,3.3703,-1.2999,0.30331063888888893,0.5242960000000001
613.0,3.3698,-1.2998,0.3029495555555556,0.5242960000000001
614.0,3.369,-1.2997,0.30258850000000004,0.5242960000000001
615.0,3.3679,-1.3,0.3022274722222223,0.5242960000000001
616.0,3.3676,-1.2999,0.3018663611111112,0.5242960000000001
617.0,3.3672,-1.3,0.30150527777777786,0.5242960000000001
618.0,3.366,-1.2998,0.3011441666666667,0.5242960000000001
619.0,3.3656,-1.2999,0.30078311111111117,0.5242960000000001
620.0,3.365,-1.3,0.3004220277777778,0.5242960000000001
621.0,3.3642,-1.2999,0.30006091666666673,0.5242960000000001
622.0,3.3636,-1.3,0.2996998333333334,0.5242960000000001
623.0,3.3629,-1.2999,0.2993387222222223,0.5242960000000001
624.0,3.3622,-1.2999,0.29897763888888895,0.5242960000000001
625.0,3.3617,-1.2999,0.29861655555555566,0.5242960000000001
626.0,3.3607,-1.2998,0.29825547222222226,0.5242960000000001
627.0,3.3602,-1.2998,0.2978944166666667,0.5242960000000001
628.0,3.3595,-1.2998,0.29753336111111117,0.5242960000000001
629.0,3.3588,-1.2999,0.2971723055555556,0.5242960000000001
630.0,3.3581,-1.2999,0.2968112222222223,0.5242960000000001
631.0,3.3576,-1.2998,0.29645013888888894,0.5242960000000001
632.0,3.357,-1.2999,0.2960890833333334,0.5242960000000001
633.0,3.3562,-1.2999,0.2957280000000001,0.5242960000000001
634.0,3.3555,-1.2999,0.2953669166666667,0.5242960000000001
635.0,3.3551,-1.3,0.2950058333333334,0.5242960000000001
636.0,3.3539,-1.2999,0.29464472222222227,0.5242960000000001
637.0,3.3533,-1.2999,0.294283638888889,0.5242960000000001
638.0,3.3528,-1.3,0.29392255555555563,0.5242960000000001
639.0,3.3523,-1.2998,0.29356144444444454,0.5242960000000001
640.0,3.3512,-1.2998,0.29320038888888894,0.5242960000000001
641.0,3.3511,-1.2999,0.2928393333333334,0.5242960000000001
642.0,3.3503,-1.3,0.29247825000000005,0.5242960000000001
643.0,3.3496,-1.2998,0.29211713888888896,0.5242960000000001
644.0,3.3485,-1.2999,0.2917560833333334,0.5242960000000001
645.0,3.3481,-1.3001,0.29139500000000007,0.5242960000000001
646.0,3.3476,-1.3001,0.2910338611111112,0.5242960000000001
647.0,3.3469,-1.3,0.2906727222222223,0.5242960000000001
648.0,3.3462,-1.2999,0.29031161111111115,0.5242960000000001
649.0,3.3453,-1.3,0.28995052777777786,0.5242960000000001
650.0,3.3448,-1.2997,0.2895894166666667,0.5242960000000001
651.0,3.3442,-1.3,0.28922838888888897,0.5242960000000001
652.0,3.3435,-1.2999,0.2888672777777779,0.5242960000000001
653.0,3.3425,-1.3,0.28850619444444453,0.5242960000000001
654.0,3.342,-1.2999,0.28814508333333344,0.5242960000000001
655.0,3.3416,-1.2999,0.28778400000000004,0.5242960000000001
656.0,3.3406,-1.2999,0.28742291666666675,0.5242960000000001
657.0,3.34,-1.3001,0.2870618333333334,0.5242960000000001
658.0,3.3391,-1.2999,0.2867006944444445,0.5242960000000001
659.0,3.3387,-1.2999,0.28633961111111117,0.5242960000000001
660.0,3.3379,-1.2999,0.2859785277777779,0.5242960000000001
661.0,3.3373,-1.3001,0.28561744444444453,0.5242960000000001
662.0,3.3365,-1.3,0.28525630555555564,0.5242960000000001
663.0,3.3359,-1.2999,0.28489519444444455,0.5242960000000001
664.0,3.335,-1.2998,0.28453411111111115,0.5242960000000001
665.0,3.3346,-1.2999,0.2841730555555556,0.5242960000000001
666.0,3.3342,-1.2999,0.28381197222222226,0.5242960000000001
667.0,3.3332,-1.2997,0.283450888888889,0.5242960000000001
668.0,3.3326,-1.2999,0.2830898611111112,0.5242960000000001
669.0,3.3318,-1.2999,0.28272877777777783,0.5242960000000001
670.0,3.3313,-1.3001,0.28236769444444454,0.5242960000000001
671.0,3.3303,-1.3,0.28200655555555565,0.5242960000000001
672.0,3.3298,-1.3,0.2816454444444445,0.5242960000000001
673.0,3.3292,-1.2998,0.2812843333333334,0.5242960000000001
674.0,3.3285,-1.2999,0.28092327777777787,0.5242960000000001
675.0,3.3278,-1.2999,0.2805621944444445,0.5242960000000001
676.0,3.3272,-1.3,0.2802011111111112,0.5242960000000001
677.0,3.3265,-1.2998,0.2798400000000001,0.5242960000000001
678.0,3.3257,-1.2998,0.27947894444444454,0.5242960000000001
679.0,3.3252,-1.2999,0.279117888888889,0.5242960000000001
680.0,3.3241,-1.3,0.2787568055555556,0.5242960000000001
681.0,3.3238,-1.2998,0.2783956944444445,0.5242960000000001
682.0,3.3229,-1.2999,0.27803463888888896,0.5242960000000001
683.0,3.3223,-1.2998,0.2776735555555556,0.5242960000000001
684.0,3.3213,-1.2999,0.2773125000000001,0.5242960000000001
685.0,3.3209,-1.2999,0.2769514166666668,0.5242960000000001
686.0,3.3203,-1.2999,0.2765903333333334,0.5242960000000001
687.0,3.3195,-1.2998,0.2762292500000001,0.5242960000000001
688.0,3.319,-1.2999,0.27586819444444455,0.5242960000000001
689.0,3.3181,-1.3001,0.2755071111111112,0.5242960000000001
690.0,3.3176,-1.2998,0.2751459722222223,0.5242960000000001
691.0,3.3167,-1.2999,0.2747849166666667,0.5242960000000001
692.0,3.3162,-1.2999,0.2744238333333334,0.5242960000000001
693.0,3.3153,-1.2998,0.2740627500000001,0.5242960000000001
694.0,3.3149,-1.2999,0.27370169444444453,0.5242960000000001
695.0,3.3139,-1.3,0.2733406111111112,0.5242960000000001
696.0,3.3134,-1.2998,0.2729795000000001,0.5242960000000001
697.0,3.3126,-1.3001,0.2726184444444445,0.5242960000000001
698.0,3.3122,-1.2999,0.2722573055555556,0.5242960000000001
699.0,3.3112,-1.3,0.2718962222222223,0.5242960000000001
700.0,3.3107,-1.2999,0.27153511111111117,0.5242960000000001
701.0,3.3101,-1.2999,0.2711740277777779,0.5242960000000001
702.0,3.3093,-1.3,0.27081294444444454,0.5242960000000001
703.0,3.3087,-1.2999,0.27045183333333345,0.5242960000000001
704.0,3.308,-1.3,0.27009075000000005,0.5242960000000001
705.0,3.3074,-1.2998,0.26972963888888896,0.5242960000000001
706.0,3.3066,-1.3,0.26936858333333336,0.5242960000000001
707.0,3.3057,-1.2999,0.2690074722222223,0.5242960000000001
708.0,3.3049,-1.3,0.2686463888888889,0.5242960000000001
709.0,3.3045,-1.2999,0.2682852777777779,0.5242960000000001
710.0,3.304,-1.2997,0.2679241944444445,0.5242960000000001
711.0,3.3033,-1.3,0.26756316666666674,0.5242960000000001
712.0,3.3026,-1.3,0.26720205555555565,0.5242960000000001
713.0,3.3019,-1.3,0.2668409444444445,0.5242960000000001
714.0,3.3013,-1.2999,0.26647983333333336,0.5242960000000001
715.0,3.3007,-1.2999,0.26611875000000007,0.5242960000000001
716.0,3.2997,-1.3,0.2657576666666668,0.5242960000000001
717.0,3.299,-1.2998,0.26539655555555564,0.5242960000000001
718.0,3.2985,-1.2999,0.2650355000000001,0.5242960000000001
719.0,3.2977,-1.2997,0.26467441666666675,0.5242960000000001
720.0,3.2971,-1.2999,0.26431338888888894,0.5242960000000001
721.0,3.2964,-1.2999,0.2639523055555556,0.5242960000000001
722.0,3.2957,-1.2999,0.26359122222222225,0.5242960000000001
723.0,3.295,-1.2998,0.26323013888888896,0.5242960000000001
724.0,3.2941,-1.2999,0.26286908333333336,0.5242960000000001
725.0,3.2937,-1.2999,0.2625080000000001,0.5242960000000001
726.0,3.2928,-1.3,0.26214691666666673,0.5242960000000001
727.0,3.2922,-1.3,0.26178580555555564,0.5242960000000001
728.0,3.2917,-1.2999,0.2614246944444445,0.5242960000000001
729.0,3.291,-1.2999,0.2610636111111112,0.5242960000000001
730.0,3.2902,-1.2998,0.26070252777777786,0.5242960000000001
731.0,3.2898,-1.2999,0.26034147222222226,0.5242960000000001
732.0,3.2887,-1.2999,0.25998038888888897,0.5242960000000001
733.0,3.2883,-1.3,0.2596193055555556,0.5242960000000001
734.0,3.2876,-1.2999,0.25925819444444453,0.5242960000000001
735.0,3.2866,-1.2999,0.2588971111111112,0.5242960000000001
736.0,3.2863,-1.3,0.25853602777777784,0.5242960000000001
737.0,3.2855,-1.2998,0.25817491666666675,0.5242960000000001
738.0,3.2847,-1.2998,0.25781386111111115,0.5242960000000001
739.0,3.2842,-1.2999,0.2574528055555556,0.5242960000000001
740.0,3.2832,-1.2999,0.2570917222222223,0.5242960000000001
741.0,3.2824,-1.2998,0.256730638888889,0.5242960000000001
742.0,3.282,-1.2997,0.2563695833333334,0.5242960000000001
743.0,3.2815,-1.2998,0.25600855555555563,0.5242960000000001
744.0,3.2807,-1.2999,0.2556475,0.5242960000000001
745.0,3.28,-1.2999,0.25528641666666674,0.5242960000000001
746.0,3.2793,-1.2999,0.2549253333333334,0.5242960000000001
747.0,3.2784,-1.2999,0.25456425000000005,0.5242960000000001
748.0,3.278,-1.3,0.25420316666666676,0.5242960000000001
749.0,3.2773,-1.2999,0.2538420555555556,0.5242960000000001
750.0,3.2767,-1.2999,0.2534809722222223,0.5242960000000001
751.0,3.2759,-1.2998,0.253119888888889,0.5242960000000001
752.0,3.2755,-1.2998,0.25275883333333343,0.5242960000000001
753.0,3.2744,-1.3,0.2523977777777779,0.5242960000000001
754.0,3.2739,-1.3,0.25203666666666674,0.5242960000000001
755.0,3.2733,-1.2999,0.25167555555555565,0.5242960000000001
756.0,3.2724,-1.2999,0.2513144722222223,0.5242960000000001
757.0,3.2717,-1.3,0.25095338888888896,0.5242960000000001
758.0,3.2712,-1.2998,0.25059227777777787,0.5242960000000001
759.0,3.2702,-1.2999,0.2502312222222223,0.5242960000000001
760.0,3.2698,-1.2999,0.24987013888888898,0.5242960000000001
761.0,3.2693,-1.3,0.24950905555555564,0.5242960000000001
762.0,3.2683,-1.2999,0.24914794444444455,0.5242960000000001
763.0,3.2676,-1.2999,0.2487868611111112,0.5242960000000001
764.0,3.2671,-1.3,0.24842577777777786,0.5242960000000001
765.0,3.2664,-1.3001,0.24806466666666677,0.5242960000000001
766.0,3.2656,-1.2999,0.24770352777777788,0.5242960000000001
767.0,3.265,-1.2998,0.24734244444444453,0.5242960000000001
768.0,3.2646,-1.2999,0.246981388888889,0.5242960000000001
769.0,3.2634,-1.3,0.24662030555555564,0.5242960000000001
770.0,3.2629,-1.2999,0.24625919444444455,0.5242960000000001
771.0,3.2623,-1.3,0.2458981111111112,0.5242960000000001
772.0,3.2615,-1.2999,0.24553700000000012,0.5242960000000001
773.0,3.2608,-1.2999,0.24517591666666677,0.5242960000000001
774.0,3.2602,-1.2998,0.24481483333333343,0.5242960000000001
775.0,3.2594,-1.2998,0.24445377777777788,0.5242960000000001
776.0,3.2587,-1.2999,0.24409272222222234,0.5242960000000001
777.0,3.2579,-1.2998,0.243731638888889,0.5242960000000001
778.0,3.2574,-1.2999,0.2433705833333334,0.5242960000000001
779.0,3.2571,-1.2998,0.2430095000000001,0.5242960000000001
780.0,3.256,-1.3,0.24264844444444456,0.5242960000000001
781.0,3.2554,-1.3,0.2422873333333334,0.5242960000000001
782.0,3.2545,-1.2998,0.24192622222222232,0.5242960000000001
783.0,3.2541,-1.2997,0.24156516666666672,0.5242960000000001
784.0,3.2534,-1.2999,0.24120413888888892,0.5242960000000001
785.0,3.2525,-1.2999,0.24084305555555563,0.5242960000000001
786.0,3.2518,-1.2999,0.24048197222222228,0.5242960000000001
787.0,3.251,-1.3,0.24012088888888894,0.5242960000000001
788.0,3.2504,-1.2999,0.23975977777777785,0.5242960000000001
789.0,3.2501,-1.2999,0.2393986944444445,0.5242960000000001
790.0,3.2495,-1.2998,0.23903761111111121,0.5242960000000001
791.0,3.2485,-1.3,0.23867655555555561,0.5242960000000001
792.0,3.2479,-1.3,0.23831544444444447,0.5242960000000001
793.0,3.2471,-1.2999,0.23795433333333338,0.5242960000000001
794.0,3.2466,-1.3,0.23759325000000003,0.5242960000000001
795.0,3.2458,-1.2998,0.23723213888888894,0.5242960000000001
796.0,3.2453,-1.2999,0.2368710833333334,0.5242960000000001
797.0,3.2444,-1.2999,0.23651000000000005,0.5242960000000001
798.0,3.2438,-1.2999,0.2361489166666667,0.5242960000000001
799.0,3.2432,-1.2998,0.23578783333333336,0.5242960000000001
800.0,3.2423,-1.2999,0.23542677777777787,0.5242960000000001
801.0,3.2417,-1.3,0.23506569444444447,0.5242960000000001
802.0,3.2406,-1.2998,0.23470458333333344,0.5242960000000001
803.0,3.2402,-1.3001,0.23434352777777784,0.5242960000000001
804.0,3.2395,-1.3,0.23398238888888895,0.5242960000000001
805.0,3.2388,-1.2999,0.23362127777777786,0.5242960000000001
806.0,3.2385,-1.2998,0.2332601944444445,0.5242960000000001
807.0,3.2377,-1.2999,0.2328991388888889,0.5242960000000001
808.0,3.237,-1.2997,0.23253805555555562,0.5242960000000001
809.0,3.236,-1.2998,0.23217702777777782,0.5242960000000001
810.0,3.2356,-1.2999,0.23181597222222228,0.5242960000000001
811.0,3.2349,-1.2999,0.231454888888889,0.5242960000000001
812.0,3.234,-1.2999,0.2310938055555556,0.5242960000000001
813.0,3.2337,-1.3,0.2307327222222223,0.5242960000000001
814.0,3.233,-1.2999,0.23037161111111115,0.5242960000000001
815.0,3.232,-1.3,0.23001052777777786,0.5242960000000001
816.0,3.2315,-1.3,0.22964941666666672,0.5242960000000001
817.0,3.2307,-1.3,0.22928830555555557,0.5242960000000001
818.0,3.2298,-1.2998,0.22892719444444448,0.5242960000000001
819.0,3.2296,-1.3,0.22856613888888894,0.5242960000000001
820.0,3.2286,-1.3,0.22820502777777785,0.5242960000000001
821.0,3.228,-1.2999,0.2278439166666667,0.5242960000000001
822.0,3.2271,-1.3,0.2274828333333334,0.5242960000000001
823.0,3.2263,-1.2998,0.22712172222222227,0.5242960000000001
824.0,3.2258,-1.3,0.22676066666666672,0.5242960000000001
825.0,3.2251,-1.2999,0.22639955555555558,0.5242960000000001
826.0,3.2243,-1.3,0.2260384722222223,0.5242960000000001
827.0,3.2234,-1.2999,0.22567736111111114,0.5242960000000001
828.0,3.2227,-1.2999,0.22531627777777785,0.5242960000000001
829.0,3.2226,-1.3,0.2249551944444445,0.5242960000000001
830.0,3.2218,-1.2998,0.22459408333333342,0.5242960000000001
831.0,3.2212,-1.3,0.22423302777777787,0.5242960000000001
832.0,3.2203,-1.2998,0.22387191666666673,0.5242960000000001
833.0,3.2198,-1.3,0.22351086111111118,0.5242960000000001
834.0,3.2188,-1.2999,0.22314975000000004,0.5242960000000001
835.0,3.2184,-1.2998,0.22278866666666675,0.5242960000000001
836.0,3.2179,-1.2999,0.2224276111111112,0.5242960000000001
837.0,3.2167,-1.2999,0.2220665277777778,0.5242960000000001
838.0,3.2162,-1.3,0.2217054444444445,0.5242960000000001
839.0,3.2156,-1.2998,0.22134433333333337,0.5242960000000001
840.0,3.2147,-1.2998,0.22098327777777782,0.5242960000000001
841.0,3.2139,-1.3,0.22062222222222228,0.5242960000000001
842.0,3.2137,-1.2998,0.22026111111111113,0.5242960000000001
843.0,3.2128,-1.2998,0.21990005555555558,0.5242960000000001
844.0,3.2123,-1.2998,0.21953900000000004,0.5242960000000001
845.0,3.2113,-1.3,0.2191779444444445,0.5242960000000001
846.0,3.2106,-1.2999,0.21881683333333335,0.5242960000000001
847.0,3.21,-1.3,0.21845575000000006,0.5242960000000001
848.0,3.2093,-1.2999,0.21809463888888897,0.5242960000000001
849.0,3.2089,-1.3,0.21773355555555562,0.5242960000000001
850.0,3.2081,-1.2999,0.21737244444444453,0.5242960000000001
851.0,3.2073,-1.3,0.2170113611111112,0.5242960000000001
852.0,3.2065,-1.2999,0.21665025000000004,0.5242960000000001
853.0,3.2059,-1.2998,0.21628916666666675,0.5242960000000001
854.0,3.2056,-1.3,0.2159281111111112,0.5242960000000001
855.0,3.2046,-1.2998,0.21556700000000006,0.5242960000000001
856.0,3.2039,-1.2999,0.21520594444444452,0.5242960000000001
857.0,3.2032,-1.2999,0.21484486111111123,0.5242960000000001
858.0,3.2026,-1.3,0.21448377777777783,0.5242960000000001
859.0,3.2018,-1.2998,0.21412266666666674,0.5242960000000001
860.0,3.2009,-1.3001,0.2137616111111112,0.5242960000000001
861.0,3.2006,-1.2998,0.2134004722222223,0.5242960000000001
862.0,3.1998,-1.3,0.21303941666666676,0.5242960000000001
863.0,3.1991,-1.2998,0.21267830555555567,0.5242960000000001
864.0,3.1984,-1.3,0.21231725000000007,0.5242960000000001
865.0,3.1977,-1.2999,0.21195613888888898,0.5242960000000001
866.0,3.1971,-1.2999,0.21159505555555563,0.5242960000000001
867.0,3.1965,-1.2999,0.2112339722222223,0.5242960000000001
868.0,3.1956,-1.2998,0.21087288888888894,0.5242960000000001
869.0,3.1948,-1.2998,0.2105118333333334,0.5242960000000001
870.0,3.1942,-1.2999,0.21015077777777785,0.5242960000000001
871.0,3.1935,-1.2999,0.2097896944444445,0.5242960000000001
872.0,3.1928,-1.2999,0.20942861111111122,0.5242960000000001
873.0,3.1923,-1.2999,0.20906752777777787,0.5242960000000001
874.0,3.1915,-1.2999,0.20870644444444453,0.5242960000000001
875.0,3.1909,-1.2998,0.20834536111111118,0.5242960000000001
876.0,3.1904,-1.2998,0.20798430555555564,0.5242960000000001
877.0,3.1896,-1.2999,0.2076232500000001,0.5242960000000001
878.0,3.189,-1.2999,0.20726216666666675,0.5242960000000001
879.0,3.1882,-1.3,0.2069010833333334,0.5242960000000001
880.0,3.1874,-1.2998,0.2065399722222223,0.5242960000000001
881.0,3.1869,-1.2998,0.20617891666666677,0.5242960000000001
882.0,3.186,-1.2998,0.20581786111111122,0.5242960000000001
883.0,3.1855,-1.2999,0.20545680555555562,0.5242960000000001
884.0,3.1847,-1.2999,0.20509572222222228,0.5242960000000001
885.0,3.1838,-1.2998,0.204734638888889,0.5242960000000001
886.0,3.1832,-1.2998,0.20437358333333344,0.5242960000000001
887.0,3.1826,-1.2998,0.20401252777777784,0.5242960000000001
888.0,3.182,-1.3001,0.20365147222222235,0.5242960000000001
889.0,3.1811,-1.3,0.20329033333333346,0.5242960000000001
890.0,3.1805,-1.2999,0.20292922222222232,0.5242960000000001
891.0,3.18,-1.3,0.20256813888888897,0.5242960000000001
892.0,3.1795,-1.3,0.20220702777777788,0.5242960000000001
893.0,3.1785,-1.2999,0.20184591666666674,0.5242960000000001
894.0,3.1777,-1.2999,0.20148483333333345,0.5242960000000001
895.0,3.1773,-1.2999,0.20112375000000005,0.5242960000000001
896.0,3.1764,-1.3001,0.20076266666666676,0.5242960000000001
897.0,3.1757,-1.2998,0.20040152777777787,0.5242960000000001
898.0,3.175,-1.2999,0.20004047222222232,0.5242960000000001
899.0,3.1743,-1.2999,0.19967938888888898,0.5242960000000001
900.0,3.1737,-1.3,0.19931830555555563,0.5242960000000001
901.0,3.173,-1.2999,0.19895719444444454,0.5242960000000001
902.0,3.1723,-1.3,0.1985961111111112,0.5242960000000001
903.0,3.1717,-1.2999,0.19823500000000005,0.5242960000000001
904.0,3.1709,-1.2999,0.19787391666666676,0.5242960000000001
905.0,3.1703,-1.2999,0.19751283333333342,0.5242960000000001
906.0,3.1695,-1.2999,0.19715175000000007,0.5242960000000001
907.0,3.1688,-1.2999,0.19679066666666678,0.5242960000000001
908.0,3.1683,-1.2999,0.19642958333333344,0.5242960000000001
909.0,3.1676,-1.2998,0.1960685000000001,0.5242960000000001
910.0,3.1669,-1.2999,0.19570744444444454,0.5242960000000001
911.0,3.1662,-1.2999,0.1953463611111112,0.5242960000000001
912.0,3.1655,-1.3,0.19498527777777785,0.5242960000000001
913.0,3.1648,-1.2999,0.1946241666666667,0.5242960000000001
914.0,3.164,-1.3,0.19426308333333342,0.5242960000000001
915.0,3.1634,-1.2999,0.19390197222222227,0.5242960000000001
916.0,3.1627,-1.2999,0.19354088888888898,0.5242960000000001
917.0,3.1619,-1.2999,0.19317980555555564,0.5242960000000001
918.0,3.1614,-1.2999,0.1928187222222223,0.5242960000000001
919.0,3.1607,-1.2999,0.192457638888889,0.5242960000000001
920.0,3.1598,-1.3,0.1920965555555556,0.5242960000000001
921.0,3.1592,-1.2998,0.1917354444444445,0.5242960000000001
922.0,3.1587,-1.3,0.19137438888888897,0.5242960000000001
923.0,3.1578,-1.2998,0.19101327777777788,0.5242960000000001
924.0,3.1571,-1.2999,0.19065222222222228,0.5242960000000001
925.0,3.1564,-1.2999,0.19029113888888893,0.5242960000000001
926.0,3.1555,-1.3,0.18993005555555564,0.5242960000000001
927.0,3.1552,-1.3002,0.1895689444444445,0.5242960000000001
928.0,3.1544,-1.2999,0.18920777777777786,0.5242960000000001
929.0,3.1539,-1.2999,0.18884669444444457,0.5242960000000001
930.0,3.1527,-1.2998,0.18848561111111117,0.5242960000000001
931.0,3.1522,-1.2999,0.18812455555555563,0.5242960000000001
932.0,3.1516,-1.3001,0.18776347222222234,0.5242960000000001
933.0,3.1508,-1.2999,0.18740233333333345,0.5242960000000001
934.0,3.1504,-1.2999,0.18704125000000005,0.5242960000000001
935.0,3.1497,-1.2999,0.18668016666666676,0.5242960000000001
936.0,3.149,-1.3001,0.1863190833333334,0.5242960000000001
937.0,3.1483,-1.3,0.18595794444444452,0.5242960000000001
938.0,3.1476,-1.2999,0.18559683333333343,0.5242960000000001
939.0,3.1469,-1.2998,0.18523575000000003,0.5242960000000001
940.0,3.1462,-1.2997,0.1848746944444445,0.5242960000000001
941.0,3.1454,-1.2998,0.18451366666666674,0.5242960000000001
942.0,3.1451,-1.2998,0.18415261111111114,0.5242960000000001
943.0,3.1441,-1.2999,0.1837915555555556,0.5242960000000001
944.0,3.1437,-1.2999,0.1834304722222223,0.5242960000000001
945.0,3.1428,-1.2999,0.18306938888888896,0.5242960000000001
946.0,3.1421,-1.3,0.18270830555555562,0.5242960000000001
947.0,3.1415,-1.2997,0.18234719444444453,0.5242960000000001
948.0,3.1405,-1.3,0.18198616666666673,0.5242960000000001
949.0,3.1403,-1.2998,0.18162505555555564,0.5242960000000001
950.0,3.1393,-1.3,0.1812640000000001,0.5242960000000001
951.0,3.1387,-1.2999,0.18090288888888895,0.5242960000000001
952.0,3.138,-1.3,0.1805418055555556,0.5242960000000001
953.0,3.1375,-1.2999,0.1801806944444445,0.5242960000000001
954.0,3.1366,-1.2998,0.17981961111111117,0.5242960000000001
955.0,3.1361,-1.2999,0.17945855555555562,0.5242960000000001
956.0,3.1354,-1.3,0.17909747222222228,0.5242960000000001
957.0,3.1345,-1.2999,0.17873636111111119,0.5242960000000001
958.0,3.134,-1.3,0.17837527777777784,0.5242960000000001
959.0,3.1329,-1.2999,0.1780141666666667,0.5242960000000001
960.0,3.1326,-1.2999,0.1776530833333334,0.5242960000000001
961.0,3.1316,-1.2999,0.17729200000000006,0.5242960000000001
962.0,3.1311,-1.2999,0.17693091666666672,0.5242960000000001
963.0,3.1307,-1.2999,0.17656983333333337,0.5242960000000001
964.0,3.1299,-1.2999,0.17620875000000003,0.5242960000000001
965.0,3.1288,-1.2998,0.17584766666666674,0.5242960000000001
966.0,3.1283,-1.2999,0.1754866111111112,0.5242960000000001
967.0,3.1279,-1.3,0.17512552777777785,0.5242960000000001
968.0,3.1272,-1.3,0.1747644166666667,0.5242960000000001
969.0,3.1264,-1.2998,0.1744033055555556,0.5242960000000001
970.0,3.1256,-1.2999,0.17404225000000006,0.5242960000000001
971.0,3.1251,-1.2999,0.17368116666666672,0.5242960000000001
972.0,3.1245,-1.2999,0.17332008333333337,0.5242960000000001
973.0,3.1239,-1.2999,0.17295900000000003,0.5242960000000001
974.0,3.1232,-1.3,0.17259791666666668,0.5242960000000001
975.0,3.1221,-1.2999,0.1722368055555556,0.5242960000000001
976.0,3.1215,-1.3,0.1718757222222223,0.5242960000000001
977.0,3.1209,-1.2999,0.17151461111111116,0.5242960000000001
978.0,3.1206,-1.3,0.17115352777777781,0.5242960000000001
979.0,3.1198,-1.2999,0.17079241666666672,0.5242960000000001
980.0,3.1191,-1.2999,0.17043133333333338,0.5242960000000001
981.0,3.1182,-1.2999,0.1700702500000001,0.5242960000000001
982.0,3.1173,-1.2999,0.1697091666666667,0.5242960000000001
983.0,3.1169,-1.2999,0.1693480833333334,0.5242960000000001
984.0,3.1162,-1.2998,0.16898700000000005,0.5242960000000001
985.0,3.1155,-1.3,0.1686259444444445,0.5242960000000001
986.0,3.1147,-1.3001,0.16826483333333342,0.5242960000000001
987.0,3.1141,-1.2998,0.16790369444444453,0.5242960000000001
988.0,3.1136,-1.2999,0.16754263888888893,0.5242960000000001
989.0,3.1127,-1.3,0.16718155555555558,0.5242960000000001
990.0,3.1123,-1.2998,0.1668204444444445,0.5242960000000001
991.0,3.1116,-1.2999,0.16645938888888895,0.5242960000000001
992.0,3.1108,-1.3,0.1660983055555556,0.5242960000000001
993.0,3.11,-1.3,0.1657371944444445,0.5242960000000001
994.0,3.1093,-1.2999,0.16537608333333342,0.5242960000000001
995.0,3.1085,-1.2999,0.16501500000000008,0.5242960000000001
996.0,3.1079,-1.2999,0.16465391666666673,0.5242960000000001
997.0,3.1072,-1.2999,0.1642928333333334,0.5242960000000001
998.0,3.1065,-1.3,0.16393175000000004,0.5242960000000001
999.0,3.1063,-1.2999,0.16357063888888895,0.5242960000000001
1000.0,3.1053,-1.2998,0.1632095555555556,0.5242960000000001
1001.0,3.1046,-1.2999,0.16284850000000006,0.5242960000000001
1002.0,3.1041,-1.2999,0.16248741666666677,0.5242960000000001
1003.0,3.1034,-1.2999,0.16212633333333337,0.5242960000000001
1004.0,3.1026,-1.2999,0.16176525000000008,0.5242960000000001
1005.0,3.102,-1.2998,0.16140416666666674,0.5242960000000001
1006.0,3.1011,-1.3,0.1610431111111112,0.5242960000000001
1007.0,3.1006,-1.2999,0.1606820000000001,0.5242960000000001
1008.0,3.1001,-1.3,0.16032091666666676,0.5242960000000001
1009.0,3.0991,-1.3,0.15995980555555567,0.5242960000000001
1010.0,3.0985,-1.2998,0.15959869444444452,0.5242960000000001
1011.0,3.0981,-1.2999,0.15923763888888898,0.5242960000000001
1012.0,3.0973,-1.2999,0.1588765555555557,0.5242960000000001
1013.0,3.0967,-1.2999,0.1585154722222223,0.5242960000000001
1014.0,3.0959,-1.3,0.158154388888889,0.5242960000000001
1015.0,3.095,-1.2998,0.15779327777777785,0.5242960000000001
1016.0,3.0945,-1.3,0.1574322222222223,0.5242960000000001
1017.0,3.0939,-1.3,0.15707111111111122,0.5242960000000001
1018.0,3.0934,-1.2999,0.15671000000000013,0.5242960000000001
1019.0,3.0926,-1.2999,0.15634891666666678,0.5242960000000001
1020.0,3.0919,-1.3,0.15598783333333344,0.5242960000000001
1021.0,3.0909,-1.2999,0.15562672222222235,0.5242960000000001
1022.0,3.0903,-1.2999,0.155265638888889,0.5242960000000001
1023.0,3.0897,-1.2998,0.15490455555555566,0.5242960000000001
1024.0,3.0892,-1.2999,0.15454350000000006,0.5242960000000001
1025.0,3.0885,-1.3,0.15418241666666677,0.5242960000000001
1026.0,3.0877,-1.2998,0.15382130555555562,0.5242960000000001
1027.0,3.0869,-1.3,0.15346025000000008,0.5242960000000001
1028.0,3.0863,-1.3,0.15309913888888893,0.5242960000000001
1029.0,3.0856,-1.2999,0.15273802777777784,0.5242960000000001
1030.0,3.0851,-1.2999,0.1523769444444445,0.5242960000000001
1031.0,3.0845,-1.2998,0.1520158611111112,0.5242960000000001
1032.0,3.0836,-1.2998,0.15165480555555566,0.5242960000000001
1033.0,3.083,-1.2998,0.15129375000000006,0.5242960000000001
1034.0,3.0822,-1.3001,0.15093269444444452,0.5242960000000001
1035.0,3.0815,-1.2999,0.15057155555555563,0.5242960000000001
1036.0,3.081,-1.3,0.15021047222222228,0.5242960000000001
1037.0,3.0802,-1.3,0.14984936111111113,0.5242960000000001
1038.0,3.0795,-1.2998,0.1494882500000001,0.5242960000000001
1039.0,3.079,-1.2999,0.14912719444444456,0.5242960000000001
1040.0,3.0781,-1.3,0.14876611111111115,0.5242960000000001
1041.0,3.0776,-1.2999,0.14840500000000006,0.5242960000000001
1042.0,3.0768,-1.2999,0.14804391666666672,0.5242960000000001
1043.0,3.0762,-1.3,0.14768283333333337,0.5242960000000001
1044.0,3.0756,-1.2999,0.14732172222222228,0.5242960000000001
1045.0,3.0749,-1.2999,0.14696063888888894,0.5242960000000001
1046.0,3.0742,-1.3,0.1465995555555556,0.5242960000000001
1047.0,3.0736,-1.2998,0.1462384444444445,0.5242960000000001
1048.0,3.0729,-1.2999,0.14587738888888896,0.5242960000000001
1049.0,3.0721,-1.2999,0.14551630555555561,0.5242960000000001
1050.0,3.0715,-1.3,0.14515522222222227,0.5242960000000001
1051.0,3.0709,-1.2999,0.14479411111111118,0.5242960000000001
1052.0,3.0702,-1.2997,0.14443302777777783,0.5242960000000001
1053.0,3.0696,-1.2999,0.1440720000000001,0.5242960000000001
1054.0,3.0689,-1.2999,0.14371091666666674,0.5242960000000001
1055.0,3.0682,-1.2998,0.1433498333333334,0.5242960000000001
1056.0,3.0676,-1.2998,0.14298877777777785,0.5242960000000001
1057.0,3.0668,-1.3,0.1426277222222223,0.5242960000000001
1058.0,3.0662,-1.2998,0.14226661111111116,0.5242960000000001
1059.0,3.0654,-1.3,0.14190555555555562,0.5242960000000001
1060.0,3.0647,-1.2998,0.14154444444444453,0.5242960000000001
1061.0,3.0638,-1.3001,0.14118338888888893,0.5242960000000001
1062.0,3.0634,-1.2999,0.14082225000000004,0.5242960000000001
1063.0,3.0627,-1.2999,0.14046116666666675,0.5242960000000001
1064.0,3.062,-1.2999,0.1401000833333334,0.5242960000000001
1065.0,3.0615,-1.2996,0.13973900000000006,0.5242960000000001
1066.0,3.0606,-1.3,0.13937800000000006,0.5242960000000001
1067.0,3.0602,-1.2997,0.13901688888888897,0.5242960000000001
1068.0,3.0593,-1.2998,0.13865586111111117,0.5242960000000001
1069.0,3.0587,-1.2998,0.13829480555555562,0.5242960000000001
1070.0,3.0581,-1.2998,0.13793375000000008,0.5242960000000001
1071.0,3.0573,-1.2998,0.13757269444444448,0.5242960000000001
1072.0,3.0567,-1.3,0.137211638888889,0.5242960000000001
1073.0,3.0561,-1.3,0.13685052777777784,0.5242960000000001
1074.0,3.0552,-1.2999,0.1364894166666667,0.5242960000000001
1075.0,3.0545,-1.3,0.1361283333333334,0.5242960000000001
1076.0,3.0537,-1.2999,0.13576722222222226,0.5242960000000001
1077.0,3.0535,-1.2999,0.13540613888888897,0.5242960000000001
1078.0,3.0527,-1.2999,0.13504505555555563,0.5242960000000001
1079.0,3.0517,-1.2999,0.13468397222222228,0.5242960000000001
1080.0,3.0512,-1.2999,0.13432288888888894,0.5242960000000001
1081.0,3.0504,-1.2999,0.1339618055555556,0.5242960000000001
1082.0,3.0499,-1.3,0.1336007222222223,0.5242960000000001
1083.0,3.0492,-1.2999,0.13323961111111116,0.5242960000000001
1084.0,3.0484,-1.2997,0.13287852777777787,0.5242960000000001
1085.0,3.0479,-1.2999,0.13251750000000007,0.5242960000000001
1086.0,3.0471,-1.3,0.13215641666666672,0.5242960000000001
1087.0,3.0466,-1.2999,0.13179530555555563,0.5242960000000001
1088.0,3.0457,-1.3,0.13143422222222223,0.5242960000000001
1089.0,3.0451,-1.2999,0.1310731111111112,0.5242960000000001
1090.0,3.0442,-1.2999,0.1307120277777778,0.5242960000000001
1091.0,3.0436,-1.2999,0.1303509444444445,0.5242960000000001
1092.0,3.0429,-1.2998,0.12998986111111116,0.5242960000000001
1093.0,3.0422,-1.2999,0.12962880555555556,0.5242960000000001
1094.0,3.0416,-1.2999,0.12926772222222227,0.5242960000000001
1095.0,3.0411,-1.2999,0.12890663888888898,0.5242960000000001
1096.0,3.04,-1.3001,0.12854555555555558,0.5242960000000001
1097.0,3.0396,-1.3,0.1281844166666667,0.5242960000000001
1098.0,3.0387,-1.2999,0.12782330555555566,0.5242960000000001
1099.0,3.0383,-1.2999,0.12746222222222225,0.5242960000000001
1100.0,3.0373,-1.3001,0.12710113888888896,0.5242960000000001
1101.0,3.0369,-1.2998,0.12674000000000007,0.5242960000000001
1102.0,3.0364,-1.2998,0.12637894444444453,0.5242960000000001
1103.0,3.0355,-1.2999,0.12601788888888898,0.5242960000000001
1104.0,3.0349,-1.2999,0.12565680555555558,0.5242960000000001
1105.0,3.0343,-1.2998,0.1252957222222223,0.5242960000000001
1106.0,3.0334,-1.3,0.1249346666666667,0.5242960000000001
1107.0,3.0328,-1.3,0.1245735555555556,0.5242960000000001
1108.0,3.032,-1.2999,0.12421244444444446,0.5242960000000001
1109.0,3.0315,-1.2999,0.12385136111111117,0.5242960000000001
1110.0,3.0306,-1.2998,0.12349027777777782,0.5242960000000001
1111.0,3.0301,-1.3001,0.12312922222222222,0.5242960000000001
1112.0,3.0296,-1.2998,0.12276808333333339,0.5242960000000001
1113.0,3.0288,-1.3,0.12240702777777779,0.5242960000000001
1114.0,3.0284,-1.2999,0.1220459166666667,0.5242960000000001
1115.0,3.0274,-1.3,0.12168483333333335,0.5242960000000001
1116.0,3.0268,-1.2999,0.12132372222222226,0.5242960000000001
1117.0,3.026,-1.2999,0.12096263888888892,0.5242960000000001
1118.0,3.0251,-1.2999,0.12060155555555557,0.5242960000000001
1119.0,3.0248,-1.2999,0.12024047222222223,0.5242960000000001
1120.0,3.0239,-1.2999,0.11987938888888894,0.5242960000000001
1121.0,3.0233,-1.2997,0.11951830555555559,0.5242960000000001
1122.0,3.0226,-1.2999,0.11915727777777779,0.5242960000000001
1123.0,3.0219,-1.2999,0.11879619444444445,0.5242960000000001
1124.0,3.0212,-1.2998,0.11843511111111116,0.5242960000000001
1125.0,3.0207,-1.3,0.11807405555555561,0.5242960000000001
1126.0,3.0198,-1.3,0.11771294444444447,0.5242960000000001
1127.0,3.019,-1.2999,0.11735183333333332,0.5242960000000001
1128.0,3.0183,-1.2998,0.11699075000000003,0.5242960000000001
1129.0,3.018,-1.3001,0.11662969444444449,0.5242960000000001
1130.0,3.0172,-1.2999,0.1162685555555556,0.5242960000000001
1131.0,3.0164,-1.2998,0.11590747222222225,0.5242960000000001
1132.0,3.0155,-1.3001,0.11554641666666665,0.5242960000000001
1133.0,3.015,-1.2997,0.11518527777777776,0.5242960000000001
1134.0,3.0146,-1.3,0.11482425000000002,0.5242960000000001
1135.0,3.0137,-1.2998,0.11446313888888893,0.5242960000000001
1136.0,3.0131,-1.3,0.11410208333333338,0.5242960000000001
1137.0,3.0123,-1.2997,0.11374097222222224,0.5242960000000001
1138.0,3.0114,-1.2999,0.11337994444444449,0.5242960000000001
1139.0,3.0111,-1.3,0.11301886111111115,0.5242960000000001
1140.0,3.0102,-1.2999,0.11265775000000006,0.5242960000000001
1141.0,3.0096,-1.2999,0.11229666666666671,0.5242960000000001
1142.0,3.0091,-1.2999,0.11193558333333337,0.5242960000000001
1143.0,3.0084,-1.3,0.11157450000000002,0.5242960000000001
1144.0,3.0075,-1.3,0.11121338888888893,0.5242960000000001
1145.0,3.0067,-1.3,0.11085227777777784,0.5242960000000001
1146.0,3.0058,-1.2999,0.1104911666666667,0.5242960000000001
1147.0,3.0054,-1.3,0.11013008333333335,0.5242960000000001
1148.0,3.0046,-1.3,0.10976897222222226,0.5242960000000001
1149.0,3.004,-1.3,0.10940786111111112,0.5242960000000001
1150.0,3.0032,-1.2999,0.10904675000000003,0.5242960000000001
1151.0,3.0027,-1.3,0.10868566666666668,0.5242960000000001
1152.0,3.0019,-1.2999,0.10832455555555559,0.5242960000000001
1153.0,3.0013,-1.2999,0.10796347222222225,0.5242960000000001
1154.0,3.0002,-1.3,0.10760238888888896,0.5242960000000001
1155.0,2.9996,-1.2997,0.10724127777777781,0.5242960000000001
1156.0,2.9991,-1.2999,0.10688025000000001,0.5242960000000001
1157.0,2.9982,-1.2999,0.10651916666666672,0.5242960000000001
1158.0,2.9977,-1.2999,0.10615808333333338,0.5242960000000001
1159.0,2.9972,-1.2999,0.10579700000000003,0.5242960000000001
1160.0,2.9962,-1.2999,0.10543591666666674,0.5242960000000001
1161.0,2.9957,-1.2998,0.1050748333333334,0.5242960000000001
1162.0,2.9949,-1.2998,0.1047137777777778,0.5242960000000001
1163.0,2.9939,-1.2998,0.10435272222222225,0.5242960000000001
1164.0,2.9936,-1.3001,0.1039916666666667,0.5242960000000001
1165.0,2.9931,-1.2998,0.10363052777777781,0.5242960000000001
1166.0,2.9923,-1.2999,0.10326947222222227,0.5242960000000001
1167.0,2.9917,-1.2998,0.10290838888888892,0.5242960000000001
1168.0,2.9908,-1.2997,0.10254733333333338,0.5242960000000001
1169.0,2.9901,-1.3,0.10218630555555563,0.5242960000000001
1170.0,2.9895,-1.2999,0.10182519444444449,0.5242960000000001
1171.0,2.9888,-1.2998,0.1014641111111112,0.5242960000000001
1172.0,2.988,-1.3,0.1011030555555556,0.5242960000000001
1173.0,2.9875,-1.2999,0.10074194444444451,0.5242960000000001
1174.0,2.9866,-1.2999,0.10038086111111116,0.5242960000000001
1175.0,2.9862,-1.2999,0.10001977777777782,0.5242960000000001
1176.0,2.9855,-1.2999,0.09965869444444447,0.5242960000000001
1177.0,2.9847,-1.2998,0.09929761111111113,0.5242960000000001
1178.0,2.9838,-1.2999,0.09893655555555558,0.5242960000000001
1179.0,2.9832,-1.2999,0.0985754722222223,0.5242960000000001
1180.0,2.9824,-1.2998,0.09821438888888895,0.5242960000000001
1181.0,2.9819,-1.2998,0.09785333333333335,0.5242960000000001
1182.0,2.9811,-1.2999,0.0974922777777778,0.5242960000000001
1183.0,2.9805,-1.2999,0.09713119444444451,0.5242960000000001
1184.0,2.9796,-1.2998,0.09677011111111111,0.5242960000000001
1185.0,2.9791,-1.2999,0.09640905555555557,0.5242960000000001
1186.0,2.9785,-1.2999,0.09604797222222228,0.5242960000000001
1187.0,2.9772,-1.2999,0.09568688888888888,0.5242960000000001
1188.0,2.977,-1.2998,0.09532580555555559,0.5242960000000001
1189.0,2.9762,-1.3,0.09496475000000004,0.5242960000000001
1190.0,2.9755,-1.3,0.0946036388888889,0.5242960000000001
1191.0,2.9747,-1.2998,0.09424252777777781,0.5242960000000001
1192.0,2.9742,-1.2997,0.09388147222222232,0.5242960000000001
1193.0,2.9733,-1.2999,0.09352044444444452,0.5242960000000001
1194.0,2.9725,-1.2998,0.09315936111111112,0.5242960000000001
1195.0,2.9716,-1.3001,0.09279830555555557,0.5242960000000001
1196.0,2.9711,-1.2999,0.09243716666666668,0.5242960000000001
1197.0,2.9704,-1.2999,0.09207608333333339,0.5242960000000001
1198.0,2.9697,-1.2999,0.09171500000000005,0.5242960000000001
1199.0,2.9692,-1.2999,0.0913539166666667,0.5242960000000001
1200.0,2.9683,-1.3,0.09099283333333341,0.5242960000000001
1201.0,2.9678,-1.2999,0.09063172222222227,0.5242960000000001
1202.0,2.9671,-1.2999,0.09027063888888898,0.5242960000000001
1203.0,2.966,-1.3,0.08990955555555563,0.5242960000000001
1204.0,2.9655,-1.2998,0.08954844444444454,0.5242960000000001
1205.0,2.9648,-1.2999,0.08918738888888894,0.5242960000000001
1206.0,2.9638,-1.2998,0.0888263055555556,0.5242960000000001
1207.0,2.9631,-1.2999,0.08846525000000005,0.5242960000000001
1208.0,2.9625,-1.3,0.08810416666666676,0.5242960000000001
1209.0,2.9618,-1.2999,0.08774305555555562,0.5242960000000001
1210.0,2.9613,-1.2999,0.08738197222222227,0.5242960000000001
1211.0,2.9603,-1.2999,0.08702088888888893,0.5242960000000001
1212.0,2.9597,-1.2999,0.08665980555555564,0.5242960000000001
1213.0,2.9588,-1.2999,0.08629872222222229,0.5242960000000001
1214.0,2.9583,-1.3,0.08593763888888895,0.5242960000000001
1215.0,2.9575,-1.3,0.08557652777777786,0.5242960000000001
1216.0,2.9568,-1.2999,0.08521541666666671,0.5242960000000001
1217.0,2.9561,-1.2999,0.08485433333333336,0.5242960000000001
1218.0,2.9552,-1.2999,0.08449325000000002,0.5242960000000001
1219.0,2.9547,-1.3,0.08413216666666667,0.5242960000000001
1220.0,2.9541,-1.2998,0.08377105555555558,0.5242960000000001
1221.0,2.9531,-1.3,0.08341000000000004,0.5242960000000001
1222.0,2.9526,-1.2999,0.08304888888888895,0.5242960000000001
1223.0,2.9517,-1.2999,0.0826878055555556,0.5242960000000001
1224.0,2.9509,-1.2998,0.08232672222222226,0.5242960000000001
1225.0,2.9503,-1.2999,0.08196566666666671,0.5242960000000001
1226.0,2.9497,-1.2998,0.08160458333333337,0.5242960000000001
1227.0,2.9488,-1.2999,0.08124352777777782,0.5242960000000001
1228.0,2.9481,-1.2998,0.08088244444444448,0.5242960000000001
1229.0,2.9475,-1.2998,0.08052138888888893,0.5242960000000001
1230.0,2.9464,-1.2998,0.08016033333333339,0.5242960000000001
1231.0,2.9457,-1.2999,0.07979927777777779,0.5242960000000001
1232.0,2.945,-1.2999,0.07943819444444444,0.5242960000000001
1233.0,2.9445,-1.2999,0.07907711111111115,0.5242960000000001
1234.0,2.9435,-1.2999,0.07871602777777781,0.5242960000000001
1235.0,2.943,-1.2999,0.07835494444444446,0.5242960000000001
1236.0,2.9423,-1.2998,0.07799386111111117,0.5242960000000001
1237.0,2.9415,-1.3001,0.07763280555555563,0.5242960000000001
1238.0,2.9409,-1.2999,0.07727166666666674,0.5242960000000001
1239.0,2.9399,-1.2999,0.07691058333333334,0.5242960000000001
1240.0,2.9395,-1.2999,0.07654950000000005,0.5242960000000001
1241.0,2.9386,-1.2998,0.07618841666666665,0.5242960000000001
1242.0,2.9379,-1.2997,0.0758273611111111,0.5242960000000001
1243.0,2.9371,-1.2999,0.07546633333333336,0.5242960000000001
1244.0,2.9362,-1.3,0.07510525000000001,0.5242960000000001
1245.0,2.9356,-1.2999,0.07474413888888887,0.5242960000000001
1246.0,2.9349,-1.3,0.07438305555555558,0.5242960000000001
1247.0,2.934,-1.2998,0.07402194444444443,0.5242960000000001
1248.0,2.9334,-1.2998,0.07366088888888894,0.5242960000000001
1249.0,2.9329,-1.2998,0.07329983333333334,0.5242960000000001
1250.0,2.9322,-1.3001,0.0729387777777778,0.5242960000000001
1251.0,2.9311,-1.2998,0.0725776388888889,0.5242960000000001
1252.0,2.9304,-1.2999,0.07221658333333336,0.5242960000000001
1253.0,2.9296,-1.2998,0.07185550000000007,0.5242960000000001
1254.0,2.9288,-1.2999,0.07149444444444447,0.5242960000000001
1255.0,2.9277,-1.2998,0.07113336111111113,0.5242960000000001
1256.0,2.9272,-1.2999,0.07077230555555558,0.5242960000000001
1257.0,2.9266,-1.2998,0.07041122222222229,0.5242960000000001
1258.0,2.9258,-1.2998,0.07005016666666669,0.5242960000000001
1259.0,2.9251,-1.2998,0.06968911111111115,0.5242960000000001
1260.0,2.9243,-1.2998,0.0693280555555556,0.5242960000000001
1261.0,2.9235,-1.2998,0.068967,0.5242960000000001
1262.0,2.9228,-1.3,0.06860594444444446,0.5242960000000001
1263.0,2.9221,-1.3,0.06824483333333337,0.5242960000000001
1264.0,2.9212,-1.2999,0.06788372222222228,0.5242960000000001
1265.0,2.9204,-1.2998,0.06752263888888893,0.5242960000000001
1266.0,2.9197,-1.3,0.06716158333333333,0.5242960000000001
1267.0,2.9188,-1.2999,0.06680047222222224,0.5242960000000001
1268.0,2.9183,-1.2999,0.0664393888888889,0.5242960000000001
1269.0,2.9175,-1.2999,0.0660783055555556,0.5242960000000001
1270.0,2.9168,-1.2999,0.06571722222222226,0.5242960000000001
1271.0,2.9159,-1.3,0.06535613888888891,0.5242960000000001
1272.0,2.9152,-1.2998,0.06499502777777777,0.5242960000000001
1273.0,2.9143,-1.2999,0.06463397222222222,0.5242960000000001
1274.0,2.9138,-1.3,0.06427288888888893,0.5242960000000001
1275.0,2.9127,-1.2999,0.06391177777777779,0.5242960000000001
1276.0,2.9122,-1.2999,0.0635506944444445,0.5242960000000001
1277.0,2.9113,-1.2998,0.0631896111111111,0.5242960000000001
1278.0,2.9106,-1.2999,0.06282855555555555,0.5242960000000001
1279.0,2.9099,-1.2999,0.062467472222222264,0.5242960000000001
1280.0,2.9092,-1.2999,0.06210638888888892,0.5242960000000001
1281.0,2.9083,-1.2999,0.061745305555555574,0.5242960000000001
1282.0,2.9075,-1.3,0.061384222222222284,0.5242960000000001
1283.0,2.9068,-1.3,0.06102311111111114,0.5242960000000001
1284.0,2.9061,-1.2999,0.060661999999999994,0.5242960000000001
1285.0,2.9052,-1.2998,0.060300916666666704,0.5242960000000001
1286.0,2.9048,-1.2999,0.05993986111111116,0.5242960000000001
1287.0,2.9037,-1.2999,0.059578777777777814,0.5242960000000001
1288.0,2.9029,-1.2997,0.05921769444444447,0.5242960000000001
1289.0,2.9019,-1.2999,0.05885666666666667,0.5242960000000001
1290.0,2.9016,-1.3,0.05849558333333338,0.5242960000000001
1291.0,2.9004,-1.2999,0.05813447222222223,0.5242960000000001
1292.0,2.8995,-1.2999,0.057773388888888944,0.5242960000000001
1293.0,2.8987,-1.2998,0.0574123055555556,0.5242960000000001
1294.0,2.898,-1.3,0.05705125000000005,0.5242960000000001
1295.0,2.8972,-1.2997,0.05669013888888891,0.5242960000000001
1296.0,2.8966,-1.2998,0.05632911111111116,0.5242960000000001
1297.0,2.8957,-1.2999,0.05596805555555562,0.5242960000000001
1298.0,2.8952,-1.3,0.05560697222222222,0.5242960000000001
1299.0,2.8943,-1.3,0.05524586111111118,0.5242960000000001
1300.0,2.8934,-1.2998,0.05488475000000004,0.5242960000000001
1301.0,2.8925,-1.3,0.05452369444444449,0.5242960000000001
1302.0,2.892,-1.2999,0.05416258333333335,0.5242960000000001
1303.0,2.8909,-1.2999,0.05380150000000006,0.5242960000000001
1304.0,2.8904,-1.3001,0.05344041666666671,0.5242960000000001
1305.0,2.8892,-1.2999,0.05307927777777782,0.5242960000000001
1306.0,2.8885,-1.3,0.05271819444444448,0.5242960000000001
1307.0,2.8878,-1.2999,0.05235708333333333,0.5242960000000001
1308.0,2.887,-1.2999,0.05199600000000004,0.5242960000000001
1309.0,2.8862,-1.2998,0.05163491666666675,0.5242960000000001
1310.0,2.8853,-1.2998,0.05127386111111115,0.5242960000000001
1311.0,2.8847,-1.2999,0.05091280555555555,0.5242960000000001
1312.0,2.8837,-1.2999,0.05055172222222226,0.5242960000000001
1313.0,2.8827,-1.2999,0.05019063888888897,0.5242960000000001
1314.0,2.8823,-1.2999,0.04982955555555563,0.5242960000000001
1315.0,2.8812,-1.3,0.04946847222222228,0.5242960000000001
1316.0,2.8802,-1.2999,0.04910736111111119,0.5242960000000001
1317.0,2.8794,-1.3,0.04874627777777785,0.5242960000000001
1318.0,2.8787,-1.2999,0.0483851666666667,0.5242960000000001
1319.0,2.8779,-1.2999,0.04802408333333341,0.5242960000000001
1320.0,2.8772,-1.3,0.047663000000000066,0.5242960000000001
1321.0,2.8764,-1.2998,0.04730188888888898,0.5242960000000001
1322.0,2.8754,-1.2999,0.046940833333333376,0.5242960000000001
1323.0,2.8748,-1.3,0.04657975000000003,0.5242960000000001
1324.0,2.8739,-1.2998,0.04621863888888894,0.5242960000000001
1325.0,2.873,-1.2999,0.045857583333333396,0.5242960000000001
1326.0,2.8723,-1.3001,0.04549650000000005,0.5242960000000001
1327.0,2.8714,-1.2999,0.04513536111111116,0.5242960000000001
1328.0,2.8704,-1.2999,0.044774277777777816,0.5242960000000001
1329.0,2.8698,-1.3,0.04441319444444447,0.5242960000000001
1330.0,2.869,-1.2999,0.04405208333333338,0.5242960000000001
1331.0,2.868,-1.2998,0.043691000000000035,0.5242960000000001
1332.0,2.8673,-1.2999,0.04332994444444449,0.5242960000000001
1333.0,2.8663,-1.2999,0.042968861111111145,0.5242960000000001
1334.0,2.8657,-1.2999,0.0426077777777778,0.5242960000000001
1335.0,2.8647,-1.2999,0.042246694444444455,0.5242960000000001
1336.0,2.8639,-1.2998,0.04188561111111111,0.5242960000000001
1337.0,2.863,-1.2999,0.041524555555555565,0.5242960000000001
1338.0,2.862,-1.2999,0.041163472222222275,0.5242960000000001
1339.0,2.8613,-1.2999,0.04080238888888893,0.5242960000000001
1340.0,2.8603,-1.2998,0.040441305555555584,0.5242960000000001
1341.0,2.8596,-1.2999,0.04008025000000004,0.5242960000000001
1342.0,2.8587,-1.2999,0.039719166666666694,0.5242960000000001
1343.0,2.858,-1.2999,0.03935808333333335,0.5242960000000001
1344.0,2.857,-1.3,0.03899700000000006,0.5242960000000001
1345.0,2.8561,-1.3,0.038635888888888914,0.5242960000000001
1346.0,2.8555,-1.2999,0.03827477777777788,0.5242960000000001
1347.0,2.8543,-1.2999,0.03791369444444448,0.5242960000000001
1348.0,2.8535,-1.2999,0.03755261111111119,0.5242960000000001
1349.0,2.8525,-1.2999,0.037191527777777844,0.5242960000000001
1350.0,2.8517,-1.2999,0.0368304444444445,0.5242960000000001
1351.0,2.8508,-1.2999,0.03646936111111121,0.5242960000000001
1352.0,2.85,-1.2999,0.03610827777777781,0.5242960000000001
1353.0,2.8492,-1.2999,0.03574719444444452,0.5242960000000001
1354.0,2.8483,-1.2999,0.035386111111111174,0.5242960000000001
1355.0,2.8475,-1.2999,0.03502502777777783,0.5242960000000001
1356.0,2.8465,-1.2999,0.03466394444444454,0.5242960000000001
1357.0,2.8459,-1.3,0.03430286111111114,0.5242960000000001
1358.0,2.845,-1.2999,0.033941750000000104,0.5242960000000001
1359.0,2.8438,-1.2998,0.0335806666666667,0.5242960000000001
1360.0,2.8434,-1.3,0.03321961111111116,0.5242960000000001
1361.0,2.8419,-1.2999,0.03285850000000001,0.5242960000000001
1362.0,2.8412,-1.2999,0.03249741666666672,0.5242960000000001
1363.0,2.8403,-1.3,0.03213633333333338,0.5242960000000001
1364.0,2.8395,-1.2999,0.03177522222222229,0.5242960000000001
1365.0,2.8388,-1.2999,0.03141413888888894,0.5242960000000001
1366.0,2.8376,-1.2999,0.031053055555555598,0.5242960000000001
1367.0,2.8368,-1.2999,0.030691972222222308,0.5242960000000001
1368.0,2.8357,-1.2999,0.030330888888888907,0.5242960000000001
1369.0,2.8352,-1.2999,0.029969805555555618,0.5242960000000001
1370.0,2.834,-1.2999,0.029608722222222328,0.5242960000000001
1371.0,2.8332,-1.3,0.029247638888888927,0.5242960000000001
1372.0,2.8326,-1.2998,0.028886527777777893,0.5242960000000001
1373.0,2.8316,-1.2999,0.028525472222222237,0.5242960000000001
1374.0,2.8307,-1.2998,0.028164388888888947,0.5242960000000001
1375.0,2.8296,-1.2999,0.027803333333333402,0.5242960000000001
1376.0,2.8287,-1.2998,0.02744225,0.5242960000000001
1377.0,2.8279,-1.2999,0.027081194444444456,0.5242960000000001
1378.0,2.8267,-1.2999,0.026720111111111167,0.5242960000000001
1379.0,2.8259,-1.2998,0.026359027777777877,0.5242960000000001
1380.0,2.8248,-1.2999,0.02599797222222222,0.5242960000000001
1381.0,2.8241,-1.2999,0.02563688888888893,0.5242960000000001
1382.0,2.8228,-1.2999,0.02527580555555564,0.5242960000000001
1383.0,2.8223,-1.2999,0.02491472222222224,0.5242960000000001
1384.0,2.8213,-1.2999,0.02455363888888895,0.5242960000000001
1385.0,2.8205,-1.2999,0.02419255555555566,0.5242960000000001
1386.0,2.8194,-1.2999,0.02383147222222226,0.5242960000000001
1387.0,2.8185,-1.3,0.02347038888888897,0.5242960000000001
1388.0,2.8176,-1.2999,0.023109277777777826,0.5242960000000001
1389.0,2.8165,-1.2999,0.022748194444444536,0.5242960000000001
1390.0,2.8157,-1.2998,0.022387111111111135,0.5242960000000001
1391.0,2.8144,-1.2998,0.02202605555555559,0.5242960000000001
1392.0,2.8136,-1.3,0.021665000000000045,0.5242960000000001
1393.0,2.8125,-1.2999,0.02130388888888901,0.5242960000000001
1394.0,2.8117,-1.2999,0.02094280555555561,0.5242960000000001
1395.0,2.8107,-1.2998,0.02058172222222221,0.5242960000000001
1396.0,2.8098,-1.2999,0.020220666666666665,0.5242960000000001
1397.0,2.8088,-1.2999,0.019859583333333486,0.5242960000000001
1398.0,2.8078,-1.3,0.019498500000000085,0.5242960000000001
1399.0,2.8069,-1.2999,0.01913738888888905,0.5242960000000001
1400.0,2.8058,-1.2998,0.01877630555555565,0.5242960000000001
1401.0,2.8046,-1.2999,0.018415250000000105,0.5242960000000001
1402.0,2.8036,-1.3,0.018054166666666704,0.5242960000000001
1403.0,2.803,-1.3,0.01769305555555567,0.5242960000000001
1404.0,2.8018,-1.2999,0.017331944444444414,0.5242960000000001
1405.0,2.8011,-1.3,0.016970861111111235,0.5242960000000001
1406.0,2.7997,-1.2999,0.01660974999999998,0.5242960000000001
1407.0,2.7988,-1.3,0.01624866666666669,0.5242960000000001
1408.0,2.7979,-1.2998,0.015887555555555544,0.5242960000000001
1409.0,2.797,-1.2998,0.015526499999999999,0.5242960000000001
1410.0,2.7958,-1.2998,0.015165444444444454,0.5242960000000001
1411.0,2.7947,-1.2999,0.014804388888888909,0.5242960000000001
1412.0,2.7937,-1.3,0.014443305555555508,0.5242960000000001
1413.0,2.7926,-1.2998,0.014082194444444474,0.5242960000000001
1414.0,2.7919,-1.2999,0.013721138888888929,0.5242960000000001
1415.0,2.7909,-1.2999,0.013360055555555528,0.5242960000000001
1416.0,2.7898,-1.2997,0.012998972222222238,0.5242960000000001
1417.0,2.7886,-1.2999,0.012637944444444438,0.5242960000000001
1418.0,2.7877,-1.3,0.012276861111111037,0.5242960000000001
1419.0,2.7865,-1.3,0.011915750000000003,0.5242960000000001
1420.0,2.7854,-1.3,0.011554638888888857,0.5242960000000001
1421.0,2.7844,-1.2998,0.011193527777777712,0.5242960000000001
1422.0,2.7836,-1.2999,0.010832472222222167,0.5242960000000001
1423.0,2.7825,-1.2999,0.010471388888888877,0.5242960000000001
1424.0,2.7812,-1.3,0.010110305555555588,0.5242960000000001
1425.0,2.7801,-1.2998,0.009749194444444553,0.5242960000000001
1426.0,2.779,-1.2999,0.009388138888889008,0.5242960000000001
1427.0,2.7781,-1.3,0.009027055555555608,0.5242960000000001
1428.0,2.7768,-1.2999,0.008665944444444573,0.5242960000000001
1429.0,2.776,-1.2998,0.008304861111111173,0.5242960000000001
1430.0,2.7745,-1.2998,0.007943805555555628,0.5242960000000001
1431.0,2.7734,-1.2997,0.0075827500000000825,0.5242960000000001
1432.0,2.7725,-1.2998,0.007221722222222282,0.5242960000000001
1433.0,2.7712,-1.3,0.006860666666666737,0.5242960000000001
1434.0,2.7702,-1.3,0.006499555555555592,0.5242960000000001
1435.0,2.7691,-1.2999,0.006138444444444557,0.5242960000000001
1436.0,2.768,-1.2998,0.005777361111111157,0.5242960000000001
1437.0,2.7668,-1.3,0.005416305555555612,0.5242960000000001
1438.0,2.7657,-1.2998,0.005055194444444577,0.5242960000000001
1439.0,2.7648,-1.2998,0.004694138888888921,0.5242960000000001
1440.0,2.7635,-1.2999,0.004333083333333376,0.5242960000000001
1441.0,2.7625,-1.3,0.003972000000000087,0.5242960000000001
1442.0,2.7612,-1.2999,0.0036108888888889412,0.5242960000000001
1443.0,2.7603,-1.2999,0.0032498055555556515,0.5242960000000001
1444.0,2.7591,-1.2999,0.002888722222222251,0.5242960000000001
1445.0,2.7578,-1.3,0.00252763888888885,0.5242960000000001
1446.0,2.7565,-1.2999,0.002166527777777816,0.5242960000000001
1447.0,2.7556,-1.2999,0.001805444444444415,0.5242960000000001
1448.0,2.7544,-1.3,0.0014443611111111254,0.5242960000000001
1449.0,2.7532,-1.2999,0.00108324999999998,0.5242960000000001
1450.0,2.7519,-1.2999,0.0007221666666666904,0.5242960000000001
1451.0,2.7507,-1.2999,0.0003610833333334007,0.5242960000000001
1451.0,2.75,-1.2999,0.0,0.5242960000000001
